Whdload Install Archive File;Name
1stDivisionManager.lha;1st Division Manager
3DConstructionKit.lha;3D Construction Kit
3DGalax.lha;3D Galax
3DPool.lha;3D Pool
3DWorldSoccer.lha;3D World Soccer
3DWorldTennis.lha;3D World Tennis
4DSportsBoxing.lha;4D Sports Boxing
4DSportsDriving.lha;4D Sports Driving
4thAndInches.lha;4th &amp; Inches
4x4OffRoadRacing.lha;4x4 Off Road Racing
5thGear.lha;5th Gear
7CitiesOfGold.lha;7 Cities Of Gold
7Colors.lha;7 Colors
9Lives.lha;9 Lives
688AttackSub.lha;688 Attack Sub
944TurboCup.lha;944 Turbo Cup
1000ccTurbo.lha;1000cc Turbo
1000Miglia.lha;1000 Miglia
1869.lha;1869
1943.lha;1943 - The Battle of Midway
3001OConnersFight2.lha;3001 O'Conners Fight 2
20000LeaguesUnderTheSea.lha;20000 Leagues under the Sea
A10TankKiller.lha;A10 Tank Killer
Aaargh.lha;Aaargh!
AaarghArcadia.lha;Aaargh! - Arcadia
AbandonedPlaces.lha;Abandoned Places
AbandonedPlaces2.lha;Abandoned Places 2
ABCMondayNightFootball.lha;ABC Monday Night Football
AbraCadabra.lha;Abra Cadabra
Academy.lha;Academy: Tau Ceti II
AceBall.lha;Ace Ball
ACSysDemo.lha;A.C.SYS
ActionFighter.lha;Action Fighter
Adrenalynn.lha;Adrenalynn
AdvancedDestroyerSim.lha;Advanced Destroyer Simulator
AdvancedSkiSimulator.lha;Advanced Ski Simulator
ATF2.lha;Advanced Tactical Fighter II
AdvantageTennis.lha;Advantage Tennis
AdventureConstructionSet.lha;Adventure Construction Set
AdventuresOfRobinHood.lha;Adventures of Robin Hood
AfricanRaiders01.lha;African Raiders-01
AfterBurner89.lha;After Burner 2
AfterBurner88.lha;After Burner '88
AfterTheWar.lha;After the War
Age.lha;AGE
Agony.lha;Agony
AgonyDemo.lha;Agony Demo
Airball.lha;Airball
AirborneRanger.lha;Airborne Ranger
AirSupport.lha;Air Support
Akira.lha;Akira
Aladdin.lha;Aladdin
Alcatraz.lha;Alcatraz
AlchemyDemo.lha;Alchemy Demo
AlfabetSmierci.lha;Alfabet Smierci
AlfredChicken.lha;Alfred Chicken
Alianator.lha;Alianator
Alien3.lha;Alien III
AlienBash.lha;Alien Bash
AlienBash2.lha;Alien Bash 2
AlienBreed.lha;Alien Breed
AlienBreed2.lha;Alien Breed 2
AlienBreed3D.lha;Alien Breed 3D
AlienBreed3D2.lha;Alien Breed 3D II: The Killing Grounds
AlienBreed3Ddemo.lha;Alien Breed 3D demo
AlienBreedSE92.lha;Alien Breed Special Edition '92
AlienBreedStory.lha;Alien Breed Story
AlienBreedTA.lha;Alien Breed Tower Assault
AlienDrugLords.lha;Alien Drug Lords: The Chyropian Connection
AlienFishFinger.lha;Alien Fish Finger
AlienLegion.lha;Alien Legion
AlienStorm.lha;Alien Storm
AlienSyndrome.lha;Alien Syndrome
AlienWorld.lha;Alien World
Aliex.lha;Aliex
AllanBordersCricket.lha;Allan Border's Cricket
Lemmings3.lha;All New World of Lemmings
AlloAllo.lha;Allo 'Allo
AllTerrainRacing.lha;All Terrain Racing
AllTerrainRacingXmas.lha;All Terrain Racing Xmas
Alpha1.lha;Alpha-1
AlphaWaves.lha;Alpha Waves
AlteredBeast.lha;Altered Beast
AlteredDestiny.lha;Altered Destiny
AmazingSpiderman.lha;Amazing SpiderMan
Amberstar.lha;Amberstar
Amegas.lha;Amegas
AmericanGladiators.lha;American Gladiators
AmericanTagTeamWrestling.lha;American Tag Team Wrestling
AmigaKarate.lha;Amiga Karate
Amnios.lha;Amnios
Anarchy.lha;Anarchy
AnotherWorld.lha;Another World
Anstoss.lha;Anstoss
Antago.lha;Antago
Antares.lha;Antares: Der Griff nach den Sternen
ItCameFromTheDesert.lha;Antheads: It Came From The Desert II
ApacheFlight.lha;Apache Flight
ApacheOverdrive.lha;Apache / Overdrive
ApanoSin.lha;Apano Sin
APB.lha;APB
Apidya.lha;Apidya
Apocalypse.lha;Apocalypse
Apprentice.lha;Apprentice
Aquablast.lha;Aquablast
Aquanaut.lha;Aquanaut (F1 Licenceware)
AquaticGames.lha;Aquatic Games
Aquaventura.lha;Aquaventura
ArabianNights.lha;Arabian Nights
Arachnophobia.lha;Arachnophobia
ArcadeFruitMachine.lha;Arcade Fruit Machine
ArcadePool.lha;Arcade Pool
ArcadeSnooker.lha;Arcade Snooker
ArcadeTriviaQuiz.lha;Arcade Trivia Quiz
ArcherMacleanPool.lha;Archer Maclean Billard Americain
ArcherMacleanPool.lha;Archer Maclean Pool
Archipelagos.lha;Archipelagos
Archon.lha;Archon
Archon2.lha;Archon 2: Adept
ArcticFox.lha;Arctic Fox
Arena.lha;Arena
Arkanoid.lha;Arkanoid
Arkanoid2.lha;Arkanoid - Revenge of Doh
ArmageddonMan.lha;Armageddon Man
Armalyte.lha;Armalyte
ArmourGeddon.lha;Armour Geddon
ArmourGeddon2.lha;Armour Geddon 2
ArmyMoves.lha;Army Moves
Arnie.lha;Arnie
Arnie2.lha;Arnie 2
ArtOfChess.lha;Art Of Chess, The
Artura.lha;Artura
AshesOfEmpire.lha;Ashes Of Empire
GrandPrixMaster.lha;Aspar Master Grand Prix
Assassin.lha;Assassin
AssassinSE.lha;Assassin Special Edition
Astaroth.lha;Astaroth
Astatin.lha;Astatin
AsterixGetafix.lha;Asterix - Operation Getafix
AstroMarineCorps.lha;Astro Marine Corps
Atax.lha;Atax
AtomicRoboKid.lha;Atomic Robo-Kid
Atomino.lha;Atomino
Atomix.lha;Atomix
AtomSmasher.lha;Atom Smasher
ATrain.lha;A-Train
TheQuestForTheTimeBird.lha;Auf der Suche nach dem Vogel der Zeit
AufschwungOst.lha;Aufschwung Ost
AuntArcticAdventure.lha;Aunt Arctic Adventure
AustraloPiticusMechanicus.lha;Australo Piticus Mechanicus
AutoDuel.lha;AutoDuel
AV8BHarrierAssault.lha;AV8B Harrier Assault
Awesome.lha;Awesome
AwesomeDemo.lha;Awesome Demo
AxelsMagicHammer.lha;Axel's Magic Hammer
Barbarian2Palace.lha;Axe of Rage
AztecChallenge.lha;Aztec Challenge
B17FlyingFortress.lha;B17 Flying Fortress
Baal.lha;Baal
AbraCadabra.lha;Baba Yaga
BabyJoInGoingHome.lha;Baby Jo In Going Home
BabylonianTwinsDemo.lha;Babylonian Twins Demo
Backlash.lha;Backlash
BackToTheFuture2.lha;Back To The Future 2
BackToTheFuture3.lha;Back To The Future 3
BadCat.lha;Bad Cat
BadCompany.lha;Bad Company
Badlands.lha;Badlands
BadlandsPete.lha;Badlands Pete
Bagitman.lha;Bagitman
BalanceOfPower.lha;Balance Of Power: Geopolitics in the Nuclear Age
Ballistix.lha;Ballistix
BallRaider.lha;Ball Raider
BanditKings.lha;Bandit Kings Of Ancient China
BaneOfCosmicForge.lha;Bane of Cosmic Forge
BangkokKnights.lha;Bangkok Knights
Banshee.lha;Banshee
Banzai.lha;Banzai
Barbarian2Palace.lha;Barbarian 2 (Palace)
Barbarian2Psy.lha;Barbarian 2 (Psygnosis/Pandemonium)
BarbarianPalace.lha;Barbarian (Palace)
Barbarian_Psygnosis.lha;Barbarian (Psygnosis)
BardsTale.lha;Bards Tale
BardsTale2.lha;Bard's Tale 2: The Destiny Knight
BardsTale3.lha;Bard's Tale 3: Thief of Fate
BarGames.lha;Bar Games
BargonAttack.lha;Bargon Attack
BartVsSpaceMutants.lha;Bart vs. the Space Mutants
BartVsTheWorld.lha;Bart vs. the World
BaseJumpers.lha;Base Jumpers
BasketIslandDemo.lha;Basket Island Demo
BAT.lha;B.A.T.
BAT2.lha;B.A.T. 2
BatmanReturns.lha;Batman Returns
Batman.lha;Batman the Caped Crusader
BatmanTheMovie.lha;Batman the Movie
BattleBound.lha;Battle Bound
BattleChess.lha;Battle Chess
BattleChess2.lha;Battle Chess II: Chinese Chess
BattleCommand.lha;Battle Command
BattleForTheAshes.lha;Battle For The Ashes
BattleHawks1942.lha;Battlehawks 1942
BattleIsle.lha;Battle Isle
BattleMaster.lha;Battle Master
BattleShips.lha;Battle Ships
BattleSquadron.lha;Battle Squadron
BattleSquadronDemo.lha;Battle Squadron demo
BattleStorm.lha;Battle Storm
Battletech.lha;Battletech: The Crescent Hawk's Inception
BattleToads.lha;Battle Toads
BattleValley.lha;Battle Valley
BCKid.lha;B.C.Kid
BeachVolley.lha;Beach Volley
Beam.lha;Beam
BeastBusters.lha;Beast Busters
BeastLord.lha;Beastlord
Beavers.lha;Beavers
BehindTheIronGate.lha;Behind the Iron Gate
Belial.lha;Belial
BeneathASteelSky.lha;Beneath A Steel Sky
Benefactor.lha;Benefactor
BestOfTheBest.lha;Best Of The Best
Betrayal.lha;Betrayal
BetterDeadThanAlien.lha;Better Dead Than Alien
BetterMaths.lha;Better Maths
BeverlyHillsCop.lha;Beverly Hills Cop
BeyondDarkCastle.lha;Beyond Dark Castle
BeyondTheIcePalace.lha;Beyond the Ice Palace
BezKompromisu.lha;Bez Kompromisu
BigBusiness.lha;Big Business
BigNoseTheCaveman.lha;Big Nose the Caveman
BigRun.lha;Big Run
Biing.lha;Biing
BillsTomatoGame.lha;Bill Tomato's Game
BioChallenge.lha;Bio Challenge
BionicCommando.lha;Bionic Commando
BiplaneDuel.lha;Biplane Duel
BiplaneDuel.lha;Biplane Duel 2
BirdsOfPrey.lha;Birds of Prey
Bismarck.lha;Bismarck
BlackCauldron.lha;Black Cauldron
BlackCrypt.lha;Black Crypt
OilImperium.lha;Black Gold
BlackHornet.lha;Black Hornet
BlackLamp.lha;Black Lamp
BlackSect.lha;Black Sect
BlackShadow.lha;Black Shadow
BlackTiger.lha;Black Tiger
BlackViper.lha;Black Viper
BladesOfSteel.lha;Blades of Steel
BladeWarrior.lha;Blade Warrior
BlastaballArcadia.lha;Blastaball - Arcadia
Blastar.lha;Blastar
Blasteroids.lha;Blasteroids
BlazingThunder.lha;Blazing Thunder
BlinkysScarySchool.lha;Blinkys Scary School
Blob.lha;Blob
Blobz.lha;Blobz
BlockOut.lha;BlockOut
BlockShock.lha;Block Shock: The Last Chance
BloodMoney.lha;Blood Money
Bloodnet.lha;Bloodnet
Bloodwych.lha;Bloodwych
BlueAngel69.lha;Blue Angel 69
BlueAngels.lha;Blue Angels
BlueBerry.lha;Blue Berry
BlueMax.lha;Blue Max: Aces Of The Great War
FantasyFlyer.lha;Blue wings and soul dust
BMXSimulator.lha;BMX Simulator
Bobo.lha;Bobo
BobsBadDay.lha;Bob's Bad Day
BobsGarden.lha;Bob's Garden
BodyBlows.lha;Body Blows
BodyBlowsGalactic.lha;Body Blows Galactic
BomberBob.lha;Bomber Bob
Bombfusion.lha;Bombfusion
BombJack.lha;BombJack
BombPac.lha;BombPac
Bombuzal.lha;Bombuzal
BombX.lha;BombX
BonanzaBros.lha;Bonanza Bros
Booly.lha;Booly
Borobodur.lha;Borobodur
BorrowedTime.lha;Borrowed Time
BostonBombClub.lha;Boston Bomb Club
Botics.lha;Botics
BoulderDashConstKit.lha;Boulder Dash - Construction Kit
Brainball.lha;Brainball
BrainMan.lha;Brain Man
Brat.lha;Brat
Brataccas.lha;Brataccas
Breach.lha;Breach
Breach2.lha;Breach 2
Breathless.lha;Breathless
BrianLarasCricket.lha;Brian Lara's Cricket
BrianLarasCricket96.lha;Brian Lara's Cricket '96
BrianTheLion.lha;Brian the Lion
BridesOfDracula.lha;Brides of Dracula
BrutalFootball.lha;Brutal Football
BrutalPawsOfFury.lha;Brutal Paws of Fury
BSSJaneSeymour.lha;B.S.S. Jane Seymour
BubbaNStix.lha;Bubba'n'Stix
Bubble+.lha;Bubble +
BubbleNSqueak.lha;Bubble And Squeak
BubbleBobble.lha;Bubble Bobble
BubbleDizzy.lha;Bubble Dizzy
BubbleGun.lha;Bubble Gun
BuckRogers.lha;Buck Rogers
Budokan.lha;Budokan
BuffaloBill.lha;Buffalo Bill's Wild West Show
BugBash.lha;Bug Bash
BugBomber.lha;Bug Bomber
BuggyBoy.lha;Buggy Boy
BuilderLand.lha;Builderland: The Story Of Melba
BumpNBurn.lha;Bump'n Burn
BumpysArcadeFantasy.lha;Bumpy's Arcade Fantasy
BundesligaManagerHatt.lha;Bundesliga Manager Hattrick
BunnyBricks.lha;Bunny Bricks
BurgerMan.lha;Burger Man
BurningRubber.lha;Burning Rubber
Burntime.lha;Burntime
ButcherHill.lha;Butcher Hill
Cabal.lha;Cabal
CabaretAsteroids.lha;Cabaret Asteroids
Cadaver.lha;Cadaver
CadaverLevels.lha;Cadaver Demo Level
Caesar.lha;Caesar
Calephar.lha;Calephar
CaliforniaGames.lha;California Games
CaliforniaGames2.lha;California Games 2
Campaign.lha;Campaign
Campaign2.lha;Campaign 2
CannonFodder.lha;Cannon Fodder
CannonFodder2.lha;Cannon Fodder 2
CannonFodder2AL.lha;Cannon Fodder 2 - Alien Levels
CannonFodder2NVF.lha;Cannon Fodder 2 - Not Very Festive
CannonFodderCD.lha;Cannon Fodder CD??
CannonFodderPlus.lha;Cannon Fodder Plus
CannonSoccer.lha;Cannon Soccer
CapitalPunishment.lha;Capital Punishment
CapNCarnage.lha;Cap 'N' Carnage
Capone.lha;Capone
CaptainBlood.lha;Captain Blood
CaptainFizz.lha;Captain Fizz
CaptainPlanet.lha;Captain Planet
Captive.lha;Captive
Carcharodon.lha;Carcharodon - White Sharks
Cardiaxx.lha;Cardiaxx
CarlLewisChallenge.lha;Carl Lewis Challenge
Carlos.lha;Carlos
Carnage.lha;Carnage
CarrierCommand.lha;Carrier Command
Carthage.lha;Carthage
Anstoss.lha;Carton Rouge
Carver.lha;Carver
CarVup.lha;Car Vup
CastleKingdoms.lha;Castle Kingdoms
CastleMaster.lha;Castle Master
CastleMaster2.lha;Castle Master 2 - The Crypt
CastleOfDrBrain.lha;Castle Of Dr. Brain
Castles.lha;Castles
Castles2.lha;Castles 2: Siege and Conquest
CastleVania.lha;Castle Vania
CastleWarrior.lha;Castle Warrior
CatchEm.lha;Catch'em
Cattivik.lha;Cattivik
Cavemania.lha;CaveMania
Cavitas.lha;Cavitas
Cedric.lha;Cedric
CelticLegends.lha;Celtic Legends
CentrefoldSquares.lha;Centrefold Squares
Centurion.lha;Centurion: Defender Of Rome
Century.lha;Century
Kult.lha;Chamber of the Sci-Mutant Priestess
ChambersOfShaolin.lha;Chambers of Shaolin
ChampionDriver.lha;Champion Driver
ChampionshipGolf.lha;Championship Golf
VectorChampionshipRun.lha;Championship Run
ChampionsOfKrynn.lha;Champions Of Krynn
ChaosEngine.lha;Chaos Engine
ChaosEngine2.lha;Chaos Engine 2
ChaosEngineDemo.lha;Chaos Engine Demo
ChaosInAndromeda.lha;Chaos In Andromeda: Eyes Of The Eagle
ChaosStrikesBack.lha;Chaos Strikes Back
CharlieJCool.lha;Charlie J. Cool
ChaseHQ.lha;Chase H.Q.
ChaseHQ2.lha;Chase H.Q. 2
Chessmaster2000.lha;Chessmaster 2000
Chessmaster2100.lha;Chessmaster 2100
ChessPlayer2150.lha;Chess Player 2150
ChessSimulator.lha;Chess Simulator
Chicago90.lha;Chicago 90
ChichenItza.lha;Chich?n Itz?
ChipsChallenge.lha;Chip's Challenge
ChristophKolumbus.lha;Christoph Kolumbus
Chrome.lha;Chrome
ChroniclesOfOmega.lha;Chronicles Of Omega
Explora.lha;Chrono Quest
Explora2.lha;Chrono Quest 2
ChubbyGristle.lha;Chubby Gristle
ChuckieEgg.lha;Chuckie Egg
ChuckieEgg2.lha;Chuckie Egg 2
ChuckRock.lha;Chuck Rock
ChuckRock2.lha;Chuck Rock 2
ChuckYeagerAFT2.lha;Chuck Yeager AFT 2.0
CircusAttractions.lha;Circus Attractions
CircusGames.lha;Circus Games
CiscoHeat.lha;Cisco Heat
Citadel.lha;Citadel
CityDefence.lha;City Defence
Civilization.lha;Civilization
CJInTheUSA.lha;CJ in the USA
CJsElephantAntics.lha;CJ's Elephant Antics
Renaissance.lha;Classic 4
ClassicArcadia.lha;Classic Arcadia
ClassicBoardGames.lha;Classic Board Games
Cliffhanger.lha;Cliffhanger
ClikClak.lha;Clik Clak
Clockwiser.lha;Clockwiser
CloudKingdoms.lha;Cloud Kingdoms
ClownOMania.lha;Clown'o'mania
CluedoMasterDetective.lha;Cluedo: Master Detective
Coala.lha;Coala
CodenameIceman.lha;Codename: Iceman
CogansRun.lha;Cogans Run
Colgate.lha;Colgate
ColonelsBequest.lha;Colonel's Bequest
Colonization.lha;Colonization
Colorado.lha;Colorado
Colorbuster.lha;Colorbuster
Coloris.lha;Coloris
ColossusChessX.lha;Colossus Chess X
CombatAirPatrol.lha;Combat Air Patrol
ComboRacer.lha;Combo Racer
Commando.lha;Commando
ComputerScrabble.lha;Computer Scrabble
ConanTheCimmerian.lha;Conan the Cimmerian
ConflictEurope.lha;Conflict: Europe
ConflictMiddleEast.lha;Conflict: The Middle East Political Simulator
Conqueror.lha;Conqueror
ConquestsOfCamelot.lha;Conquests of Camelot
ConquestsOfTheLongbow.lha;Conquests Of The Longbow
ContinentalCircus.lha;Continental Circus
CoolCrocTwins.lha;Cool Croc Twins
CoolSpot.lha;Cool Spot
CoolWorld.lha;Cool World
Corporation.lha;Corporation
Corruption.lha;Corruption
Corsarios.lha;Corsaires
Corsarios.lha;Corsarios
Corx.lha;Corx
CosmicBouncer.lha;Cosmic Bouncer
CosmicPirate.lha;Cosmic Pirate
CosmicRelief.lha;Cosmic Relief
CosmicSpacehead.lha;Cosmic Spacehead
CountDuckula.lha;Count Duckula
CoverGirl.lha;Cover Girl
CovertAction.lha;Covert Action
Crack.lha;Crack
Crackdown.lha;Crackdown
CrashGarrett.lha;Crash Garrett
CrazyCars.lha;Crazy Cars
CrazyCars2_F40PursuitS.lha;Crazy Cars 2
CrazyCars3.lha;Crazy Cars 3
CrazySeasons.lha;Crazy Seasons
CrazyShot.lha;Crazy Shot
CrazySue.lha;Crazy Sue
CrazySue2.lha;Crazy Sue 2
Creature.lha;Creature
Creatures.lha;Creatures
CrimeCity.lha;Crime City
CrimeDoesNotPay.lha;Crime Does Not Pay
CrimeWave.lha;Crime Wave
Croak.lha;Croak
Croak2.lha;Croak 2
Crossbow.lha;Crossbow
CrossCheck.lha;Cross Check
CruiseForACorpse.lha;Cruise for a Corpse
CruncherFactory.lha;Cruncher Factory
CrystalDragon.lha;Crystal Dragon
CrystalHammer.lha;Crystal Hammer
CrystalKingdomDizzy.lha;Crystal Kingdom Dizzy
CrystalPalace.lha;Crystal Palace
CrystalsOfArborea.lha;Crystals of Arborea
Cubix.lha;Cubix
Cubulus.lha;Cubulus
CurseOfEnchantia.lha;Curse of Enchantia
CurseOfRa.lha;Curse of Ra
CurseOfTheAzureBonds.lha;Curse Of The Azure Bonds
Custodian.lha;Custodian
CyberAssault.lha;Cyber Assault
Cyberball.lha;Cyberball
Cyberblast.lha;Cyberblast
Cybercon3.lha;Cybercon 3
CyberCop.lha;Cyber Cop
CyberEmpires.lha;Cyber Empires
CyberGames.lha;Cyber Games
Cybernetix.lha;Cybernetix
Cybernoid.lha;Cybernoid
Cybernoid2.lha;Cybernoid 2
Cyberpunks.lha;Cyberpunks
Cyberzerk.lha;Cyberzerk
Cygnus8.lha;Cygnus 8
Cytron.lha;Cytron
DalekAttack.lha;Dalek Attack
DaleyThompsonsOC.lha;Daley Thompson's Olympic Challenge
Damage.lha;Damage
DamagePreview.lha;Damage - Preview -
Dandare3.lha;Dan Dare 3
DangerousStreets.lha;Dangerous Streets
Darius.lha;Darius+
DarkCastle.lha;Dark Castle
DarkCentury.lha;Dark Century
DarkFusion.lha;Dark Fusion
Darkman.lha;Darkman
Darkmere.lha;Darkmere
DarkSeed.lha;Darkseed
DarkSide.lha;Dark Side
DarkSpyre.lha;DarkSpyre
DasBoot.lha;Das Boot
DasErbe.lha;Das Erbe
DasSchmutzigeErbe.lha;Das schmutzige Erbe
RealmsOfArkania.lha;Das Schwarze Auge: Die Schicksalsklinge
DataStorm.lha;Data Storm
DawnPatrol.lha;Dawn Patrol
DayOfThePharaoh.lha;Day of the Pharaoh
DayOfTheViper.lha;Day of the Viper
DaysOfThunder.lha;Days of Thunder
DDay.lha;D-Day: The Beginning Of The End
DeathBringer_Spotlight.lha;Death Bringer
DeathBringer.lha;Deathbringer
DeathKnightsOfKrynn.lha;Death Knights Of Krynn
DeathMask.lha;Death Mask
DeathOrGlory.lha;Death or Glory
DeathSword.lha;Death Sword
DeathTrap.lha;Death Trap
Debut.lha;D?but: Planet Simulation
Deconstruction.lha;Deconstruction
DeepCore.lha;Deep Core
DeepSpace.lha;Deep Space
Defender.lha;Defender
Defender2.lha;Defender 2
DefenderOfTheCrown.lha;Defender of the Crown
DefenderOfTheCrown2.lha;Defender Of The Crown 2
DefendersOfTheEarth.lha;Defenders of the Earth
Deflektor.lha;Deflektor
DejaVu2.lha;D?j? Vu II: Lost in Las Vegas!!
DejaVu.lha;D?j? Vu: A Nightmare Comes True!!
Deliverance.lha;Deliverance
DeltaCommandArcadia.lha;Delta Command - Arcadia
DeluxeGalaga.lha;Deluxe Galaga
DeluxePacman.lha;Deluxe Pacman
StripPoker2.lha;Deluxe Strip Poker
DemonBlue.lha;Demon Blue
Demoniak.lha;Demoniak
DemonsTomb.lha;Demon's Tomb: The Awakening
Denaris.lha;Denaris
Denjoy.lha;Denjoy
Dennis.lha;Dennis
Patrician.lha;Der Patrizier
TowerOfSouls.lha;Der Seelenturm
DesertStrike.lha;Desert Strike
Destroyer.lha;Destroyer
Detonator.lha;Detonator
Detroit.lha;Detroit
Deuteros.lha;Deuteros
DeviousDesigns.lha;Devious Designs
DGeneration.lha;D/Generation
DickTracy.lha;Dick Tracy
DickTracyAdv.lha;Dick Tracy - The Crime Solving Adventure
DieDrachenVonLaas.lha;Die Drachen von Laas
DieHard2.lha;Die Hard 2
DieKathedrale.lha;Die Kathedrale
TheSettlers.lha;Die Siedler
Digger.lha;Digger
Diggers.lha;Diggers
DimosQuest.lha;Dimo's Quest
GoofysRailwayExpress.lha;Dingo Et Le Train Express
DinosaurDetectiveAgency.lha;Dinosaur Detective Agency
DinoWars.lha;Dino Wars
Disc.lha;Disc
DiscoveryMI.lha;Discovery
Discovery.lha;Discovery: In the steps of Columbus
DisposableHero.lha;Disposable Hero
DistantArmies.lha;Distant Armies: A Playing History of Chess
Ditris.lha;Ditris
DizzyCollection.lha;Dizzy Collection
DizzyDice.lha;Dizzy Dice
DizzyPanic.lha;Dizzy Panic
DizzyPrinceOfTheYolkfolk.lha;Dizzy Prince of the Yolkfolk
DizzyExcellentAdv.lha;Dizzy's Excellent Adventures
Dogfight.lha;Dogfight
DogsOfWar.lha;Dogs of War
DojoDan.lha;Dojo Dan
Doman.lha;Doman
Dominator.lha;Dominator
Dominium.lha;Dominium
DonaldDucksPlayground.lha;Donald Duck's Playground
DonaldsAlphabetChase.lha;Donald's Alphabet Chase
Donk.lha;Donk
DonkeyKong.lha;Donkey Kong
Doodlebug.lha;Doodlebug
Doofus.lha;Doofus
DoubleAgent.lha;Double Agent
DoubleDragon.lha;Double Dragon
DoubleDragon2.lha;Double Dragon 2 - The Revenge
DoubleDragon3.lha;Double Dragon 3 - The Rosetta Stone
DoubleDribble.lha;Double Dribble
SuperSki.lha;Downhill Challenge
Dracula.lha;Dracula
DragonBreed.lha;Dragon Breed
DragonFighter.lha;Dragon Fighter
Dragonflight.lha;Dragonflight
DragonNinja.lha;Dragon Ninja / Bad Dudes
DragonsBreath.lha;Dragon's Breath
Dragonscape.lha;Dragonscape
DragonsKingdomDemo.lha;Dragon's Kingdom Demo
DragonsLair.lha;Dragon's Lair
DragonsLair2.lha;Dragon's Lair 2 - Time Warp
DragonsLair3.lha;Dragon's Lair 3 - The Curse of Mordread
DragonsLairEscape.lha;Dragon's Lair: Escape from Singe's Castle
DragonsLairEscapeDemo.lha;Dragon's Lair: Escape from Singe's Castle Demo
DragonSpirit.lha;Dragon Spirit
Dragonstone.lha;Dragonstone
DragonStoneCD.lha;Dragonstone CD
DragonStrike.lha;Dragon Strike
DragonTiles.lha;Dragon Tiles
DragonTiles2.lha;Dragon Tiles 2: The Tournament
DragonWars.lha;Dragon Wars
Drakkhen.lha;Drakkhen
DrDoomsRevenge.lha;Dr. Doom's Revenge
DreamWeb.lha;Dream Web
DreamZone.lha;Dream Zone
DrFruit.lha;Dr. Fruit
Driller.lha;Driller
Drip.lha;Drip
DrivingForce.lha;Drivin' Force
DrMario.lha;Dr. Mario
Duck.lha;Duck (Lotus Turbo Challenge 2)
DuckTales.lha;Duck Tales: The Quest for Gold
Dugger.lha;Dugger
Dune.lha;Dune
Dune2.lha;Dune 2
DungeonMaster.lha;Dungeon Master
DungeonMaster2.lha;Dungeon Master 2: The Legend of Skullkeep
DungeonQuest.lha;Dungeon Quest
DungeonsOfAvalon.lha;Dungeons of Avalon
DungeonsOfAvalon2.lha;Dungeons of Avalon 2
DylanDog.lha;Dylan Dog: The Murderers
DynaBlaster.lha;Dyna Blaster
DynamiteDux.lha;Dynamite Dux
Dynamo.lha;Dynamo
DynastyWars.lha;Dynasty Wars
Dyter-07.lha;Dyter-07
EaglesRider.lha;Eagles Rider
Berlin1948.lha;East vs. West: Berlin 1948
Ebonstar.lha;Ebonstar
Eco.lha;Eco
EcoPhantoms.lha;Eco Phantoms
SuperSki.lha;Eddie Edwards Super Ski
EddTheDuck.lha;Edd the Duck
EddTheDuck2.lha;Edd the Duck 2
EishockeyManager.lha;Eishockey Manager
EksperymentDelfin.lha;Eksperyment Delfin
ElectronicPool.lha;Electronic Pool
Elfmania.lha;Elfmania
Elf.lha;Elf (Microvalue/Pumpkinsoft)
Elf_Ocean.lha;Elf (Ocean)
Eliminator.lha;Eliminator
Elite.lha;Elite
EliteAdvanced.lha;Elite Advanced
GoofysRailwayExpress.lha;El Tren Expreso Di Goofy
Elvira2.lha;Elvira 2 - The Jaws of Cerberus
Elvira.lha;Elvira - Mistress of the Dark
ElviraArcade.lha;Elvira - The Arcade Game
Embryo.lha;Embryo
EmeraldMine.lha;Emerald Mine
EmeraldMine2.lha;Emerald Mine 2
EmeraldMine3.lha;Emerald Mine 3 Professional
EmeraldMines.lha;Emerald Mines
EmlynHughesIntSoccer.lha;Emlyn Hughes International Soccer
Emmanuelle.lha;Emmanuelle
E-Motion.lha;E-Motion
EmpireSoccer94.lha;Empire Soccer 94
EmpireStrikesBack.lha;Empire Strikes Back
EnchantedLand.lha;Enchanted Land
Encounter.lha;Encounter
Enemy2.lha;Enemy 2 - Missing in Action
Enemy.lha;Enemy - Tempest Of Violence
EnglandChampSpecial.lha;England Championship Special
Enlightenment.lha;Enlightenment
Entity.lha;Entity
Epic.lha;Epic
Erik.lha;Erik
EscapeFromColditz.lha;Escape from Colditz
EscapeFromThePlanet.lha;Escape from the Planet of the Robot Monsters
Eskadra.lha;Eskadra
EskimoGames.lha;Eskimo Games
EspanaTheGames.lha;Espa?a The Games '92
Eswat.lha;Eswat
ETsRugbyLeague.lha;E.T.'s Rugby League
EuropeanChampions.lha;European Champions
EuropeanChampionship1992.lha;European Championship 1992
EuropeanFootballChamp.lha;European Football Champ
EuroSoccer.lha;Euro Soccer
GlobalTrekEvilDawn.lha;Evil Dawn
EvilsDoomDemo.lha;Evil's Doom demo
Excalibur.lha;Excalibur
Executioner.lha;Executioner
Exile.lha;Exile
Exolon.lha;Exolon
Explora.lha;Explora
Explora2.lha;Explora 2
Explora3.lha;Explora 3: Sous Le Signe Du Serpent
Extase.lha;Extase
Exterminator.lha;Exterminator
Extractor.lha;Extractors: The Hanging Worlds Of Zarg
Extrial.lha;Extrial
Eye.lha;Eye
EyeOfHorus.lha;Eye of Horus
EyeOfTheBeholder.lha;Eye of the Beholder
EyeOfTheBeholder2.lha;Eye of the Beholder 2 - The Legend of Darkmoon
EyeOfTheStorm.lha;Eye Of The Storm
F1Racing.lha;F1 Racing
F1Tornado.lha;F1 Tornado
F1WorldChampionship.lha;F1 World Championship Edition
F15StrikeEagle2.lha;F-15 Strike Eagle 2
F16CombatPilot.lha;F-16 Combat Pilot
F17Challenge.lha;F-17 Challenge
F19StealthFighter.lha;F-19 Stealth Fighter
F29Retaliator.lha;F-29 Retaliator
CrazyCars2_F40PursuitS.lha;F40 Pursuit Simulator
F117A.lha;F-117A Nighthawk Stealth Fighter 2.0
F-18Interceptor.lha;F/A-18 Interceptor
FaceOff.lha;Face-Off
FaeryTaleAdventure.lha;Faery Tale Adventure
Falcon.lha;Falcon
FallenAngel.lha;Fallen Angel
FantasticDizzy.lha;Fantastic Dizzy
FantasticVoyage.lha;Fantastic Voyage
FantasyFlyer.lha;Fantasy Flyer
FantasyWorldDizzy.lha;Fantasy World Dizzy
Fascination.lha;Fascination
FastBrain.lha;Fast Brain
FastBreak.lha;Fast Break
FastFood.lha;Fast Food
FastLane.lha;Fast Lane
FatalHeritage.lha;Fatal Heritage
FatalMission.lha;Fatal Mission
FateGatesOfDawn.lha;Fate: Gates Of Dawn
FatmanTheCapedConsumer.lha;Fatman - The Caped Consumer
Fears.lha;Fears
FederationOfFreeTraders.lha;Federation of free Traders
FernandezMustDie.lha;Fernandez Must Die
Feud.lha;Feud
FiendishFreddy.lha;Fiendish Freddy's Big Top'o Fun
FIFASoccer.lha;FIFA Soccer
FighterBomber.lha;Fighter Bomber
FighterBomberAM.lha;Fighter Bomber - Advanced Missions
FighterDuelPro.lha;Fighter Duel Pro
FightingSoccer.lha;Fighting Soccer
FightingSpirit.lha;Fightin' Spirit
FinalAssault.lha;Final Assault
FinalBlow.lha;Final Blow
FinalCountdown.lha;Final Countdown
FinalFight.lha;Final Fight
FireAndIce.lha;Fire &amp; Ice
FireAndIce-XMas.lha;Fire &amp; Ice - Xmas
FireAndBrimstone.lha;Fire and Brimstone
FireAndForget.lha;Fire and Forget
FireAndForget2.lha;Fire And Forget 2
Fireblaster.lha;Fireblaster
FireForce.lha;Fire Force
FireHawk.lha;Fire Hawk
FirePower.lha;FirePower
FireStar.lha;Fire Star
FirstContact.lha;First Contact
FirstSamurai.lha;First Samurai
Fish.lha;Fish
FistFighter.lha;Fist Fighter
FiveASideSoccer.lha;Five-A-Side Soccer
Flaschbier.lha;Flaschbier
Flashback.lha;Flashback
FliesAttackOnEarth.lha;Flies-Attack on Earth
FlightOfTheAmazonQueen.lha;Flight Of The Amazon Queen
FlightOfTheIntruder.lha;Flight Of The Intruder
FlightPath737.lha;Flight Path 737
FlightSimulator2.lha;Flight Simulator II
FlimbosQuest.lha;Flimbos Quest
FlinkCD.lha;Flink CD??
FlipFlop.lha;Flip Flop
FlipItAndMagnose.lha;Flip-it &amp; Magnose
Flood.lha;Flood
Floor13.lha;Floor 13
Scorpion.lha;Fly Fighter
FlyHarder.lha;Fly Harder
FlyingShark.lha;Flying Shark
FoolsErrand.lha;Fool's Errand
FootballerOfTheYear2.lha;Footballer of the Year 2
FootballGlory.lha;Football Glory
FootballManager2.lha;Football Manager 2
FootballManagerWCE.lha;Football Manager: World Cup Edition
ForgottenMine1.lha;Forgotten Mine 1
ForgottenWorlds.lha;Forgotten World
Formula1GrandPrix.lha;Formula 1 Grand Prix
FormulaOneGrandPrix.lha;Formula One Grand Prix
FoundationsWaste.lha;Foundation's Waste
Frankenstein.lha;Frankenstein
Franko.lha;Franko
FranticFreddie.lha;Frantic Freddie
FreakOut.lha;Freak Out
Fred.lha;Fred
Freedom.lha;Freedom
Frenetic.lha;Frenetic
FrightNight.lha;Fright Night
Frontier.lha;Frontier
FrostByte.lha;Frost Byte
FullContact.lha;Full Contact
FullMetalPlanete.lha;Full Metal Planete
Funturatum.lha;Funturatum
FuryOfTheFurries.lha;Fury Of The Furries
Fusion.lha;Fusion
FutureBasketBall.lha;Future BasketBall
FutureBike.lha;Future Bike
FutureClassics.lha;Future Classics Collection
FutureShock.lha;Future Shock
FutureTank.lha;FutureTank
FutureWars.lha;Future Wars
Fuzzball.lha;Fuzzball
GadgetsLostInTime.lha;Gadgets Lost In Time
Gainforce.lha;Gainforce
Galactic.lha;Galactic
GalacticConqueror.lha;Galactic Conqueror
GalacticEmpire.lha;Galactic Empire
GalacticWarriorRats.lha;Galactic Warrior Rats
Galaga92.lha;Galaga'92
Galaxy89.lha;Galaxy '89
GalaxyBlast.lha;Galaxy Blast
GalaxyForce2.lha;Galaxy Force 2
GaldregonsDomain.lha;Galdregons Domain
GameOfHarmony.lha;Game Of Harmony
Ganymed.lha;Ganymed
GarfieldAWintersTail.lha;Garfield: A Winter's Tail
Garfield.lha;Garfield: Big, Fat, Hairy Deal
Garrison.lha;Garrison
Garrison2.lha;Garrison 2
GaryLinekersHotShot.lha;Gary Lineker's Hot-Shot!
GatewaySavageFrontier.lha;Gateway To The Savage Frontier
Gauntlet2.lha;Gauntlet 2
Gauntlet3.lha;Gauntlet 3
Gazza2.lha;Gazza 2
GBAChampionshipBB.lha;GBA Championship Basketball
GearWorks.lha;Gear Works
GeeBeeAirRally.lha;Gee Bee Air Rally
Geisha.lha;Geisha
GeminiWing.lha;Gemini Wing
GemStoneLegend.lha;Gem Stone Legend
GemX.lha;Gem'X
Genesia.lha;Genesia
Gettysburg.lha;Gettysburg
GhostBattle.lha;Ghost Battle
GhostBusters2.lha;Ghost Busters 2
GhostChaser.lha;Ghost Chaser
GhostsNGoblins.lha;Ghosts'N'Goblins
GhoulsNGhosts.lha;Ghouls'n'Ghosts
Giddy.lha;Giddy
Giddy2.lha;Giddy 2
Giganoid.lha;Giganoid
Gladiators.lha;Gladiators
GlobalGladiators.lha;Global Gladiators
GlobalTrekEvilDawn.lha;Global Trek
Globdule.lha;Globdule
Globulus.lha;Globulus
G-LOC.lha;G-LOC
Gloom.lha;Gloom
GloomDemo.lha;Gloom demo
GNius.lha;G.Nius
GnomeAlone.lha;Gnome Alone
GnomeRanger.lha;Gnome Ranger
Goal.lha;Goal!
Gobliiins.lha;Gobliiins
Gobliins2.lha;Gobliins 2
Goblins3.lha;Goblins 3
Godfather.lha;Godfather
Gods.lha;Gods
GodsDemo.lha;Gods Demo
GoldenAxe.lha;Golden Axe
GoldenEagle.lha;Golden Eagle
GoldenPath.lha;Golden Path
GoldOfTheAztecs.lha;Gold of the Aztecs
Goldrunner.lha;Goldrunner
Goldrunner2.lha;Goldrunner 2
GoldRush.lha;Gold Rush
GoofysRailwayExpress.lha;Goofy's Railway Express
GoofysRailwayExpress.lha;Goofy Und Der Phantastische Schnellzug
GSSoccerManager.lha;Graeme Souness Soccer Manager
GraemeSounessVectorSoccer.lha;Graeme Souness Vector Soccer
GrahamGoochTestMatchSE.lha;Graham Gooch Cricket: Test Match Special Edition
GrahamGooch2ndInnings.lha;Graham Gooch Second Innings
GrahamGoochCricket.lha;Graham Gooch World Class Cricket
GTSoccerChallenge.lha;Graham Taylor's Soccer Challenge
GrandMonsterSlam.lha;Grand Monster Slam
GrandPrix500II.lha;Grand Prix 500 II
GrandPrixCircuit.lha;Grand Prix Circuit
GrandPrixMaster.lha;Grand Prix Master
GrannysGarden.lha;Granny's Garden
Gravity.lha;Gravity
GravityForce.lha;Gravity Force
GreatCourts.lha;Great Courts
GreatCourts2.lha;Great Courts 2
GianaSisters.lha;Great Giana Sisters
Gremlins2.lha;Gremlins 2
Gridiron.lha;Gridiron!
GridRunner.lha;Grid Runner
GridStart.lha;Grid Start
GuardianAngel.lha;Guardian Angel
GuardianCD.lha;Guardian CD??
GuldKornExpressen.lha;Guld Korn Expressen
GunbeeF99.lha;Gunbee F-99
Gunboat.lha;Gunboat
Gunship.lha;Gunship
Gunship2000.lha;Gunship 2000
Gunshoot.lha;Gunshoot
GuySpy.lha;Guy Spy
Hacker.lha;Hacker
Hacker2.lha;Hacker 2: The Doomsday Papers
Hagar.lha;H?gar
Hammerboy.lha;Hammerboy
Hammerfist.lha;Hammerfist
Hanse.lha;Hanse
Colgate.lha;Harald H?rdtand: Kampen Om De Rene T?nder
HardBall.lha;HardBall!
HardBall2.lha;HardBall II
HardDrivin.lha;Hard Drivin'
HardDrivin2.lha;Hard Drivin' 2
HardNHeavy.lha;Hard'n'Heavy
Harlequin.lha;Harlequin
HarleyDavidson.lha;Harley Davidson
Harpoon.lha;Harpoon
HarrierCombatSimulator.lha;Harrier Combat Simulator
HATE.lha;HATE
Hawkeye.lha;Hawkeye
HeadOverHeels.lha;Head over Heels
HeartOfChina.lha;Heart Of China
HeartOfTheDragon.lha;Heart Of The Dragon
HeavyMetal.lha;Heavy Metal
HeavyMetalHeroes.lha;Heavy Metal Heroes
Heimdall.lha;Heimdall
Heimdall2.lha;Heimdall 2
Hellbent.lha;Hellbent
HellfireAttack.lha;Hellfire Attack
Hellowoon.lha;Hellowoon: Das Geheimnis des Zauberstabs
Hellraider.lha;Hellraider
HellRaisers.lha;Hell Raisers
HellrunMachine.lha;Hellrun Machine
HelterSkelter.lha;Helter Skelter
HeroesOfTheLance.lha;Heroes Of The Lance
HeroQuest.lha;Hero Quest
HeroQuest2.lha;Hero Quest 2
QuestForGlory.lha;Hero's Quest
Hexuma.lha;Hexuma - Das Auge des Kal
HighSeasTrader.lha;High Seas Trader
HighSteel.lha;High Steel
HighwayHawks.lha;Highway Hawks
HighwayPatrol2.lha;Highway Patrol 2
Hillsfar.lha;Hillsfar
HillStreetBlues.lha;Hill Street Blues
Hilt.lha;Hilt
Hilt2.lha;Hilt 2
HiredGuns.lha;Hired Guns
HistoryLine.lha;History Line 1914-1918
HitchhikersGuide.lha;Hitchhiker's Guide To The Galaxy
HoleInOne.lha;Hole In One
HolidayMaker.lha;Holiday Maker
HollywoodPoker.lha;Hollywood Poker
HollywoodPokerPro.lha;Hollywood Poker Pro
HongKongPhooey.lha;Hong Kong Phooey
Hook.lha;Hook
HorrorZombies.lha;Horror Zombies from the Crypt
Hostages_OperationJupiter.lha;Hostages
HostileBreed.lha;Hostile Breed
HotRod.lha;Hot Rod
GrandPrix500II.lha;Hot Rubber
Hotshot.lha;Hotshot
HoundOfShadow.lha;Hound Of Shadow
HuckleberryHound.lha;Huckleberry Hound
HudsonHawk.lha;Hudson Hawk
Hugo.lha;Hugo
Hugo1.lha;Hugo - P? Nye Eventyr
Hugo2.lha;Hugo - P? Nye Eventyr 2
HumanKillingMachine.lha;Human Killing Machine
HumanRace.lha;Human Race: The Jurassic Levels
Humans.lha;Humans
HumanRace.lha;Humans 2: Jurassic Levels
HumansIII.lha;Humans 3: Evolution - Lost in time
Hunter.lha;Hunter
HuntForRedOctober.lha;Hunt for Red October (Grandslam)
HuntRedOctober.lha;Hunt for Red October (Oxford Digital Enterprises)
Hybris.lha;Hybris
Hydra.lha;Hydra
Hyperdome.lha;Hyperdome
Hyperion.lha;Hyperion
IanBothamsCricket.lha;Ian Botham's Cricket
IceRunner.lha;Ice Runner
IK+.lha;IK+
IkariWarriors.lha;Ikari Warriors
GoofysRailwayExpress.lha;Il Rapido Di Pippo
Ilyad.lha;Ilyad
Impact.lha;Impact!
Imperium.lha;Imperium
Impossamole.lha;Impossamole
ImpossibleMission2.lha;Impossible Mission 2
ImpossibleMission2025.lha;Impossible Mission 2025
IncredibleCrashDummies.lha;Incredible Crash Dummies
ISS.lha;Incredible Shrinking Sphere
IndianaJones.lha;Indiana Jones 3 - Arcade
IndyFateOfAtlantis.lha;Indiana Jones &amp; The Fate of Atlantis
Indy4Action.lha;Indiana Jones &amp; The Fate Of Atlantis Action
IndyLastCrusade.lha;Indiana Jones &amp; The Last Crusade
IndyTempleOfDoom.lha;Indiana Jones &amp; The Temple of Doom
Indianapolis500.lha;Indianapolis 500
Indigo.lha;Indigo
IndoorSports.lha;Indoor Sports
IndyHeat.lha;Indy Heat
InertiaDrive.lha;Inertia Drive
Infection.lha;Infection
Infestation.lha;Infestation
IngridsBack.lha;Ingrid's Back!
InnocentUntilCaught.lha;Innocent Until Caught
InsanityFight.lha;Insanity Fight
Interchange.lha;Insector Hecti in the Inter Change
InsectsInSpace.lha;Insects in Space
Intact.lha;Intact
International3DTennis.lha;International 3D Tennis
InternationalIceHockey.lha;International Ice Hockey
InternationalNinjaRabbits.lha;International Ninja Rabbits
InternationalSoccer.lha;International Soccer
IntSportsChallenge.lha;International Sports Challenge
InternationalTennis.lha;International Tennis
InternationalTruckRacing.lha;International Truck Racing
Interphase.lha;Interphase
IntoTheEaglesNest.lha;Into the Eagle's Nest
Invasion.lha;Invasion
Invest.lha;Invest
IronLord.lha;Iron Lord
IronTrackers.lha;Iron Trackers
Ishar.lha;Ishar
Ishar2.lha;Ishar 2
Ishar3.lha;Ishar 3
Ishido.lha;Ishid? - The Way of Stones
Italy1990.lha;Italy 1990 Codemasters
Italy1990WE.lha;Italy 1990 U.S.Gold
ItCameFromTheDesert.lha;It Came From The Desert
Ivanhoe.lha;Ivanhoe
SuperOffroad.lha;Ivan Stewart's Super Offroad
Jabato.lha;Jabato
JaguarXJ220.lha;Jaguar XJ-220
JahangirKhanSquash.lha;Jahangir Khans World Championship Squash
JamesPond2.lha;James Pond 2 - Robocod
JamesPond3.lha;James Pond 3 - Operation Starfish
JamesPond3CD.lha;James Pond 3 - Operation Starfish CD??
JamesPond.lha;James Pond - Underwater Agent
Jaws.lha;Jaws
DenverColors.lha;Je D?couvre Les Couleurs
Jet.lha;Jet
JetSetWilly2.lha;Jet Set Willy 2
Jetsons.lha;Jetsons
JetStrike.lha;Jetstrike
JewelsOfDarkness.lha;Jewels Of Darkness
JimmysFantasticJourney.lha;Jimmy's Fantastic Journey
JimmyWhitesWhirlwindSnooke.lha;Jimmy White's Whirlwind Snooker
JimmyWillburne.lha;Jimmy Willburne
JimPower.lha;Jim Power
Jinks.lha;Jinks
Jinxter.lha;Jinxter
JockyWilsonDartsChallenge.lha;Jocky Wilson's Darts Challenge
JoeAndMac_CavemanNinja.lha;Joe &amp; Mac (Caveman Ninja)
JoeBlade.lha;Joe Blade
JoeBlade2.lha;Joe Blade 2
JohnBarnes.lha;John Barnes European Football
JohnLowesUltimateDarts.lha;John Lowe's Ultimate Darts
JohnMaddenFootball.lha;John Madden Football
Jonathan.lha;Jonathan
Journey.lha;Journey: The Quest Begins
Jouster3.lha;Jouster 3
JudgeDredd.lha;Judge Dredd
Jug.lha;Jug
JumpingJackSon.lha;Jumping Jack Son
JumpNRoll.lha;Jump'n'Roll
JungleStrike.lha;Jungle Strike
JuniorTypist.lha;Junior Typist
JupiterProbe.lha;Jupiter Probe
JupitersMasterdrive.lha;Jupiter's Masterdrive
JurassicPark.lha;Jurassic Park
K240.lha;K240
Kaiser.lha;Kaiser
KajkoIKokosz.lha;Kajko I Kokosz
KalasPuffsExpressen.lha;Kalas Puffs Expressen
Kamikaze.lha;Kamikaze
KarateKid2.lha;Karate Kid 2
KarateKing.lha;Karate King
KartingGrandPrix.lha;Karting Grand Prix
Katakis.lha;Katakis
KeefTheThief.lha;Keef The Thief: A Boy and His Lockpick
KellyX.lha;Kelly X
KennedyApproach.lha;Kennedy Approach
KGB.lha;KGB
Khalaan.lha;Khalaan
KickOff.lha;Kick Off
KickOff2.lha;Kick Off 2
KickOff2ReturnToEurope.lha;Kick Off 2: Return to Europe
KickOff2FinalWhistle.lha;Kick Off 2: The Final Whistle
KickOff3.lha;Kick Off 3
KickOff3EC.lha;Kick Off 3 European Challenge
KickOff96.lha;Kick Off 96
KidChaos.lha;Kid Chaos
KidGloves.lha;Kid Gloves
KidGloves2.lha;Kid Gloves 2
Kikstart2.lha;Kikstart 2
Kikugi.lha;Kikugi
Killerball.lha;Killerball
KillingCloud.lha;Killing Cloud
KillingGameShow.lha;Killing Game Show
KillingMachine.lha;Killing Machine
Kingmaker.lha;Kingmaker - The Quest For The Crown
KingPin.lha;King Pin: Arcade Sports Series Bowling
KingPinDemo.lha;King Pin demo
KingsQuest.lha;King's Quest
KingsQuest2.lha;King's Quest 2
KingsQuest3.lha;King's Quest 3
KingsQuest4.lha;King's Quest 4
KingsQuest5.lha;King's Quest 5
KingsQuest6.lha;King's Quest 6
KingsQuestEnhanced.lha;King's Quest Enhanced
KirosQuest.lha;Kiros Quest
Klax.lha;Klax
KnightForce.lha;Knight Force
Knightmare.lha;Knightmare
KnightOrc.lha;Knight Orc
KnightsOfTheCrystallion.lha;Knights of the Crystallion
KnightsOfTheSky.lha;Knights of the Sky
TheKristal.lha;Kristal, The
KrustysSFH.lha;Krusty's Super Fun House
KryptonEgg.lha;Krypton Egg
Kult.lha;Kult
Kwasimodo.lha;Kwasimodo
KwikSnax.lha;Kwik Snax
AventuraEspacial.lha;La Aventura Espacial
AventuraOriginal.lha;La Aventura Original
Labyrinth.lha;Labyrinth
DiosaDeCozumel.lha;La Diosa de Cozumel
GoldenEagle.lha;L' Aigle D'Or: Le Retour
Lamborghini.lha;Lamborghini American Challenge
Lancelot.lha;Lancelot
TheQuestForTheTimeBird.lha;La qu?te de l'oiseau du temps
LaserSquad.lha;Laser Squad
LastActionHero.lha;Last Action Hero
LastBattle.lha;Last Battle
LastDuel.lha;Last Duel
LastNinja2.lha;Last Ninja 2
LastNinja3.lha;Last Ninja 3
LeaderBoard.lha;Leader Board
LeaderBoardArcadia.lha;Leader Board - Arcadia
LeaderBoardTD1.lha;Leader Board Tournament
LeadingLap.lha;Leading Lap
Leander.lha;Leander
Leatherneck.lha;Leatherneck
LeavinTeramis.lha;Leavin Teramis
LedStorm.lha;LED Storm
Legacy.lha;Legacy
Legend.lha;Legend
LegendOfDjel.lha;Legend Of Djel
LegendOfFaerghail.lha;Legend Of Faerghail
LegendOfKyrandia.lha;Legend Of Kyrandia
LegendOfRagnarok.lha;Legend of Ragnarok
LegendOfTheLost.lha;Legend of the Lost
LegendOfTheSword.lha;Legend of the Sword
Legends.lha;Legends
LegendsOfValour.lha;Legends Of Valour
Legion.lha;Legion
LeisureSuitLarry.lha;Leisure Suit Larry
LeisureSuitLarry2.lha;Leisure Suit Larry 2
LeisureSuitLarry3.lha;Leisure Suit Larry 3
LeisureSuitLarry5.lha;Leisure Suit Larry 5
LeisureSuitLarryEnhanced.lha;Leisure Suit Larry Enhanced
LabyrintheMilleCalculs.lha;Le Labyrinthe aux Mille Calculs
LabyrintheAnglomania.lha;Le Labyrinthe d'Anglomania 1
LabyrintheAnglomania2.lha;Le Labyrinthe d'Anglomania 2
LabyrintheReineOmbres.lha;Le Labyrinthe de la Reine des Ombres
LabyrintheLexicos.lha;Le Labyrinthe de Lexicos
LabyrintheErrare.lha;Le Labyrinthe d'Errare
LabyrintheOrthophus.lha;Le Labyrinthe d'Orthophus
Lemmings.lha;Lemmings
Lemmings2.lha;Lemmings 2
Lemmings2Demo.lha;Lemmings 2 demo
Lemmings3.lha;Lemmings 3
LemmingsDemo.lha;Lemmings demo
LemmingsHoliday94.lha;Lemmings - Holiday 1993/1994
LemmingsHolidayDemo.lha;Lemmings - Holiday demo
LemmingsOhNoMore.lha;Lemmings - Oh! No More
LemmingsXmas91.lha;Lemmings - X-Mas 1991
LemmingsXmas92.lha;Lemmings - X-Mas 1992
Leonardo.lha;Leonardo
LesManley.lha;Les Manley - Search For The King
LesPortesDuTemps.lha;Les Portes Du Temps
FutureWars.lha;Les Voyageurs Du Temps
LethalWeapon.lha;Lethal Weapon
LethalXcess.lha;Lethal Xcess
LethalZone.lha;Lethal Zone
Lettrix.lha;Lettrix
Leviathan.lha;Leviathan
LicenceToKill.lha;Licence to Kill
LifeAndDeath.lha;Life &amp; Death
LightCorridor.lha;Light Corridor
LightRacer.lha;Light Racer
LimesAndNapoleon.lha;Limes &amp; Napoleon
LineOfFire.lha;Line of Fire
Links.lha;Links: The Challenge of Golf
Lionheart.lha;Lionheart
LionheartDemo.lha;Lionheart Demo
LionKing.lha;Lion King
LiquidKids.lha;Liquid Kids
LittleComputerPeople.lha;Little Computer People
LittlePuff.lha;Little Puff in Dragonland
LiveAndLetDie.lha;Live and let die / Space Harrier
Livingstone2.lha;Livingstone 2
Llamatron.lha;Llamatron
Locomotion.lha;Locomotion
Logical.lha;Logical
Logo.lha;Logo
Lollypop.lha;Lollypop
LombardRACRally.lha;Lombard RAC Rally
Loom.lha;Loom
Loopz.lha;Loopz
LordsOfChaos.lha;Lords of Chaos
LordsOfDoom.lha;Lords of Doom
LordsOfTheRealm.lha;Lords Of The Realm
LordsOfTheRisingSun.lha;Lords of the Rising Sun
LordsOfTime.lha;Lords of Time
LordsOfWar.lha;Lords of War
Lorna.lha;Lorna
LostDutchmanMine.lha;Lost Dutchman Mine
TemplosSagrados.lha;Los Templos Sagrados
LostInMine.lha;Lost In Mine
LostPatrol.lha;Lost Patrol
LotharMatthaus.lha;Lothar Matth?us
Lotus2.lha;Lotus 2
Lotus3.lha;Lotus 3
LotusEspritTC.lha;Lotus Esprit Turbo Challenge
LunarC.lha;Lunar-C
LupoAlberto.lha;Lupo Alberto
LureOfTheTemptress.lha;Lure of the Temptress
Luxor.lha;Luxor
M1TankPlatoon.lha;M1 Tank Platoon
Mach3.lha;Mach 3
MadProfessorMariarti.lha;Mad Professor Mariarti
MadShow.lha;Mad Show
MadTV.lha;Mad TV
Mafdet.lha;Mafdet And The Book Of The Dead Software Horizons
MagicBoy.lha;Magic Boy
MagicFly.lha;Magic Fly
Magician.lha;Magician
MagicJohnsons.lha;Magic Johnson's Basketball
FastBreakArcadia.lha;Magic Johnson's Fast Break - Arcadia
MagiclandDizzy.lha;Magicland Dizzy
MagicLines.lha;Magic Lines
MagicMarble.lha;Magic Marble
MagicPockets.lha;Magic Pockets
MagicPocketsDemo.lha;Magic Pockets Demo
Magnatron.lha;Magnatron
MajorMotion.lha;Major Motion
ManchesterUnited.lha;Manchester United
ManchesterUnitedEurope.lha;Manchester United Europe
ManchesterUnitedPLC.lha;Manchester United: Premier League Champions
ManchesterUnitedDBL.lha;Manchester United: The Double
ManFromTheCouncil.lha;Man From The Council
ManhattanDealers.lha;Manhattan Dealers
ManHunter.lha;Manhunter
ManHunter2.lha;Man Hunter 2: San Francisco
ManiacMansion.lha;Maniac Mansion
Maniax.lha;Maniax
ManicMiner.lha;Manic Miner
Manix.lha;Manix
Marblelous.lha;Marblelous
MarbleMadness.lha;Marble Madness
MariasXMasBox.lha;Maria's XMas Box
MarvinsAdventure.lha;Marvins Marvellous Adventure
MasterAxe.lha;Master Axe
MasterBlaster.lha;Master Blaster
MasterBlazer.lha;Master Blazer
MatchOfTheDay.lha;Match of the Day
MatrixMarauders.lha;Matrix Marauders
MaupitiIsland.lha;Maupiti Island
MaxRally.lha;Max Rally
Maya.lha;Maya
MaydaySquad.lha;Mayday Squad
McDonaldLand.lha;McDonald Land
MeanArenas.lha;Mean Arenas
MeanMachine.lha;Mean Machine
MeanStreets.lha;Mean Streets
MegaBall.lha;MegaBall
MegaBlast.lha;MegaBlast
MegaLoMania.lha;Mega lo Mania
MegaMotion.lha;Mega Motion
MegaPhoenix.lha;Mega Phoenix
Megatwins.lha;Megatwins
MegaTyphoon.lha;Mega-Typhoon
Menace.lha;Menace
MentalImage1.lha;Mental Image Game Disk 1
MentalImageGameDisk2.lha;Mental Image Game Disk 2
Mentor.lha;Mentor
Mercenary.lha;Mercenary
Mercenary2.lha;Mercenary 2 - Damocles
Mercenary3.lha;Mercenary 3 - The Dion Crisis
MERCS.lha;MERCS
MervTheMerciless.lha;Merv the Merciless
MetalLaw.lha;Metal Law
MetalMasters.lha;Metal Masters
MetalMutant.lha;Metal Mutant
MetalWarrior.lha;Metal Warrior
MFTanks.lha;MF Tanks
MiamiChase.lha;Miami Chase
Mickey123.lha;Mickey 123: L'anniversaire surprise
MickeyABC.lha;Mickey ABC: Une journ?e ? la f?te
MickeyMemoryChallenge.lha;Mickey Jeu de m?moire
MickeyMouse.lha;Mickey Mouse
MickeyJigsawPuzzles.lha;Mickey Puzzles Anim?s
Mickey123.lha;Mickey's 123's: The BIG Surprise Party
MickeyABC.lha;Mickey's ABC's: A Day at the Fair
MickeyJigsawPuzzles.lha;Mickey's Jigsaw Puzzles
MickeyMemoryChallenge.lha;Mickey's Memory Challenge
Microbes.lha;Microbes
Micromachines.lha;Micromachines
MicroproseGolf.lha;Microprose Golf
MicroproseSoccer.lha;Microprose Soccer
MidnightResistance.lha;Midnight Resistance
Midwinter.lha;Midwinter
Midwinter2.lha;Midwinter 2
MiG29Fulcrum.lha;MiG-29 Fulcrum
MiG29MSuperFulcrum.lha;MiG-29M Super Fulcrum
Mig29SovietFighter.lha;Mig-29 Soviet Fighter
MightAndMagic2.lha;Might &amp; Magic II - Gates to Another World
MightAndMagic3.lha;Might &amp; Magic III - Isles of Terra
MightyBombjack.lha;Mighty Bombjack
MikeReadsPopQuiz.lha;Mike Read's Computer Pop Quiz
MikroMortalTennis.lha;Mikro Mortal Tennis
Millennium2-2.lha;Millennium 2?2
MindBender.lha;Mindbender
Mindfighter.lha;Mindfighter
MindRoll.lha;Mind-Roll
Mindshadow.lha;Mindshadow
MindWalker.lha;Mind Walker
MiniGolf.lha;Mini Golf
MiniGolfPlus.lha;Mini Golf Plus
Minskies.lha;Minskie - The Abduction
MisjaHarolda.lha;Misja Harolda
MissilesOverXerion.lha;Missiles Over Xerion
MissionElevator.lha;Mission Elevator
Moebius.lha;Moebius
Moktar.lha;Moktar
MonkeyIsland.lha;Monkey Island
MonkeyIsland2.lha;Monkey Island 2: LeChuck's Revenge
MonsterBusiness.lha;Monster Business
MontyPythonsFlyingCircus.lha;Monty Pythons Flying Circus
MoonBlaster.lha;Moon Blaster
Moonfall.lha;Moonfall
MoonshineRacers.lha;Moonshine Racers
Moonstone.lha;Moonstone
MoonWalker.lha;Moon Walker
Morph.lha;Morph
MortalKombat.lha;Mortal Kombat
MortalKombat2.lha;Mortal Kombat 2
MortonStrikesBack.lha;Morton Strikes Back
MortvilleManor.lha;Mortville Manor
Mot.lha;MOT
MotorbikeMadness.lha;Motorbike Madness
Motorhead.lha;Mot?rhead
MotorMassacre.lha;Motor Massacre
MouseQuest.lha;Mouse Quest
Mousetrap.lha;Mousetrap
MrBlobby.lha;Mr.Blobby
MrDoRunRun.lha;Mr Do! Run Run
MrHeli.lha;Mr.Heli
MrNutz.lha;Mr.Nutz
MUDS.lha;M.U.D.S.
MultiPlayerSoccerManager.lha;Multi Player Soccer Manager
Murder.lha;Murder
MurdersInSpace.lha;Murders in Space
MysteriousWorlds.lha;Mysterious Worlds
MysteryOfTheMummy.lha;Mystery of the Mummy
Mystical.lha;Mystical
Myth_MS.lha;Myth (Magnetic Scrolls)
Myth.lha;Myth (System 3)
Nam1965-1975.lha;NAM 1965-1975
Narc.lha;Narc
NarcoPolice.lha;Narco Police
NathanNever.lha;Nathan Never
NaughtyOnes.lha;Naughty Ones
NavyMoves.lha;Navy Moves
NavySeals.lha;Navy Seals
Nebulus.lha;Nebulus
Nebulus2.lha;Nebulus 2
Necronom.lha;Necronom
Neighbours.lha;Neighbours
Netherworld.lha;Netherworld
Neuromancer.lha;Neuromancer
Neuronics.lha;Neuronics
NeverEndingStory2.lha;Never Ending Story 2
Nevermind.lha;Nevermind
LemmingsNewYear9192.lha;New Year Lemmings 91/92
NewYorkWarriors.lha;New York Warriors
NewZealandStory.lha;New Zealand Story
NewZealandStoryDemo.lha;New Zealand Story Demo
NickFaldoGolf.lha;Nick Faldo's Championship Golf
NickyBoom.lha;Nicky Boom
NickyBoom2.lha;Nicky Boom 2
NigelMansellsGrandPrix.lha;Nigel Mansell's Grand Prix
NigelMansellWorldChamp.lha;Nigel Mansell's World Championship
NightBreed.lha;Night Breed (Action)
NightBreedMovie.lha;Night Breed (Movie)
Nightdawn.lha;Nightdawn
NightHunter.lha;Night Hunter
NightShift.lha;Night Shift
NinjaMission.lha;Ninja Mission
NinjaMissionArcadia.lha;Ninja Mission - Arcadia
InternationalNinjaRabbits.lha;Ninja Rabbits
NinjaRemix.lha;Ninja Remix
NinjaSpirit.lha;Ninja Spirit
NinjaWarriors.lha;Ninja Warriors
NipponSafesInc.lha;Nippon Safes Inc
Nitro.lha;Nitro
NitroBoostChallenge.lha;Nitro Boost Challenge
NobbyTheAardvark.lha;Nobby the Aardvark
NoBuddiesLand.lha;No Buddies Land
NoExcuses.lha;No Excuses
NoExit.lha;No Exit
NorthAndSouth.lha;North &amp; South
NorthSeaInferno.lha;North Sea Inferno
NoSecondPrize.lha;No Second Prize
Nova9.lha;Nova 9
NuclearWar.lha;Nuclear War
Nucleus.lha;Nucleus
Nuxelia.lha;Nuxelia
Obitus.lha;Obitus
Obliterator.lha;Obliterator
Oblivion.lha;Oblivion
Obsession.lha;Obsession Pinball
Octagon.lha;Octagon
Odyssey.lha;Odyssey
OffShoreWarrior.lha;Off Shore Warrior
Og.lha;Og!
Ogre.lha;Ogre
OilImperium.lha;Oil Imperium
Omega.lha;Omega
OmnicronConspiracy.lha;Omnicron Conspiracy
OneOnOne.lha;One On One
OneStepBeyond.lha;One Step Beyond
SafariGuns.lha;On Safari
Onslaught.lha;Onslaught
OoopsUp.lha;Ooops Up
Ooze.lha;Ooze
ManhattanDealers.lha;Operation Cleanstreets
OperationCombat2.lha;Operation Combat II: By Land, Sea &amp; Air
OperationFirestorm.lha;Operation Firestorm
OperationG2Demo.lha;Operation GII Demo
OperationHarrier.lha;Operation Harrier
Hostages_OperationJupiter.lha;Operation Jupiter
OperationNeptune.lha;Operation Neptune
OperationStealth.lha;Operation Stealth
OperationThunderbolt.lha;Operation Thunderbolt
OperationWolf.lha;Operation Wolf
OrbitalDestroyer.lha;Orbital Destroyer
OrientalGames.lha;Oriental Games
Ork.lha;Ork
OrkAttack.lha;Ork Attack: The Return
OrkDemo.lha;Ork demo
Oscar.lha;Oscar
OsWALDOfTheIceFloes.lha;OsWALD Of The Ice Floes
AnotherWorld.lha;Out of this World
OutRun.lha;OutRun
OutrunEurope.lha;OutRun Europe
OutToLunch.lha;Out To Lunch
Outzone.lha;Outzone
OverdriveInfacto.lha;Overdrive (Infacto)
Overdrive.lha;Overdrive (Team 17)
Overkill.lha;Overkill
Overlander.lha;Overlander
Overlord.lha;Overlord
OverTheNet.lha;Over The Net
Oxxonian.lha;Oxxonian
P47Thunderbolt.lha;P47 Thunderbolt
PacificIslands.lha;Pacific Islands
Pacland.lha;Pacland
Pacmania.lha;Pacmania
Paladin.lha;Paladin
Paladin2.lha;Paladin 2
Pandora.lha;Pandora
Pang.lha;Pang
Pango.lha;Pango
PanzaKickboxing.lha;Panza Kickboxing
Paperboy.lha;Paperboy
Paperboy2.lha;Paperboy 2
ParadiseLost.lha;Paradise Lost
Paradroid90.lha;Paradroid 90
Paragliding.lha;Paragliding
Paramax.lha;Paramax
ParasolStars.lha;Parasol Stars
PassingShot.lha;Passing Shot
Pegasus.lha;Pegasus
PenthouseHotNumbers.lha;Penthouse Hot Numbers
PenthouseHotNumDeluxe.lha;Penthouse Hot Numbers Deluxe
Perihelion.lha;Perihelion
PersianGulfInferno.lha;Persian Gulf Inferno
PersonalNightmare.lha;Personal Nightmare
PeterBeardsleys.lha;Peter Beardsley's International Football
PeterSchmeichelSoccer.lha;Peter Schmeichel Soccer
PGAEuropeanTour.lha;PGA European Tour
PGATourGolf.lha;PGA Tour Golf
Phalanx.lha;Phalanx
Phantasie.lha;Phantasie
Phantasie3.lha;Phantasie 3: The Wrath of Nikademus
PhantomFighter.lha;Phantom Fighter
PharaohsCurse.lha;Pharaoh's Curse
PharaohsMatchArcadia.lha;Pharaohs Match - Arcadia
Phobia.lha;Phobia
PhotonStorm.lha;Photon Storm
PicknPile.lha;Pick 'n' Pile
PinballBrainDamage.lha;Pinball Brain Damage
PinballDreams.lha;Pinball Dreams
PinballFantasies.lha;Pinball Fantasies
PinballHazard.lha;Pinball Hazard
PinballIllusions.lha;Pinball Illusions
PinballIllusionsDemo.lha;Pinball Illusions demo
PinballMagic.lha;Pinball Magic
PinballMania.lha;Pinball Mania
PinballPrelude.lha;Pinball Prelude
PinballWizard.lha;Pinball Wizard
Pinkie.lha;Pinkie
PinkPanther.lha;Pink Panther
Pinomania.lha;Pinomania
PipeDream.lha;Pipe Dream
Pipeline.lha;Pipeline
PipeMania.lha;Pipe Mania
Pirates.lha;Pirates!
Pitfighter.lha;Pitfighter
PixieAndDixie.lha;Pixie and Dixie
PizzaConnection.lha;Pizza Connection
Plague.lha;Plague
Plan9FromOuterSpace.lha;Plan 9 From Outer Space
Platoon.lha;Platoon
PlayerManager.lha;Player Manager
PlayerManager2.lha;Player Manager 2
Playroom.lha;Playroom
Plotting.lha;Plotting
Plutos.lha;Plutos
Pod.lha;Pod
PokerNights.lha;Poker Nights: Teresa Personally
PoliceQuest.lha;Police Quest
PoliceQuest2.lha;Police Quest 2
PoliceQuest3.lha;Police Quest 3
Pong.lha;Pong
Pool.lha;Pool
PoolOfRadiance.lha;Pool Of Radiance
PoolsOfDarkness.lha;Pools Of Darkness
Popeye2.lha;Popeye 2
Populous.lha;Populous
Populous2.lha;Populous 2
PopulousWorldEditor.lha;Populous World Editor
Portal.lha;Portal
PortsOfCall.lha;Ports Of Call
PostmanPat.lha;Postman Pat
POW.lha;P.O.W.
PowerDrift.lha;Power Drift
Powerdrive.lha;Powerdrive
Powerdrome.lha;Powerdrome
Powermonger.lha;Powermonger
PowermongerWW1.lha;Powermonger World War I
PowerPinball.lha;Power Pinball
PowerPlay.lha;Powerplay: The Game of the Gods
Powerstyx.lha;Powerstyx
PPHammer.lha;PP Hammer
Predator.lha;Predator
Predator2.lha;Predator 2
PrehistoricTale.lha;Prehistoric Tale
Prehistorik.lha;Prehistorik
Premiere.lha;Premiere
PremierManager.lha;Premier Manager
PremierManager2.lha;Premier Manager II
PremierManager3.lha;Premier Manager 3
PremierManager3Deluxe.lha;Premier Manager 3 Deluxe
PrimalRage.lha;Primal Rage
PrimeMover.lha;Prime Mover
Prince.lha;Prince
PrinceOfPersia.lha;Prince of Persia
Prison.lha;Prison
ProBoxingSimulator.lha;Pro Boxing Simulator
Profezia.lha;Profezia
ProjectX.lha;Project X
ProjectXSE.lha;Project X - Special Edition
Projectyle.lha;Projectyle
VikingChild.lha;Prophecy: The Viking Child
ProPowerBoatSimulator.lha;Pro PowerBoat Simulator
ProSoccer2190.lha;Pro Soccer 2190
ProspectorMazesOfXor.lha;Prospector in the Mazes of Xor
ProTennisSimulator.lha;Pro Tennis Simulator
GreatCourts.lha;Pro Tennis Tour
GreatCourts2.lha;Pro Tennis Tour 2
Psyborg.lha;Psyborg
PsychoKiller.lha;Psycho Killer
PsychoSanta.lha;Psycho Santa
PubTriviaSimulator.lha;Pub Trivia Simulator
Pucman.lha;Pucman
PuffysSaga.lha;Puffy's Saga
Puggsy.lha;Puggsy
PulsatorDemo.lha;Pulsator Demo
PurpleSaturnDay.lha;Purple Saturn Day
Pushover.lha;Pushover
Putty.lha;Putty
PuttySquad.lha;Putty Squad
PuttySquadDemo.lha;Putty Squad Demo
Puzznic.lha;Puzznic
Pyramax.lha;Pyramax
QBic.lha;QBic
Qix.lha;Qix
Quadralien.lha;Quadralien
Quadrel.lha;Quadrel
Quartz.lha;Quartz
QuestForGlory.lha;Quest For Glory
QuestForGlory2.lha;Quest For Glory 2 - Trial By Fire
QuestionOfSport.lha;Question of Sport
QuestOfAgravain.lha;Quest of Agravain
Questron2.lha;Questron 2
Quik.lha;Quik
QuikAndSilva.lha;Quik &amp; Silva
QuiksilverPinball.lha;Quiksilver Pinball
Qwak.lha;Qwak
RaceDrivin.lha;Race Drivin'
RackneysIsland.lha;Rackney's Island
Racter.lha;Racter
Raffles.lha;Raffles
RageCAD.lha;Rage
Rage2.lha;Rage 2.0
Raider.lha;Raider
RailroadTycoon.lha;Railroad Tycoon
RainbowIslands.lha;Rainbow Islands
RainbowWarrior.lha;Rainbow Warrior
RallyChampionships.lha;Rally Championships
RallyCrossChallenge.lha;Rally Cross Challenge
Rambo3.lha;Rambo 3
Rampage.lha;Rampage
Rampart.lha;Rampart
RanX.lha;RanX
RatTrap.lha;Rat Trap
RBI2Baseball.lha;RBI 2 Baseball
RealGhostbusters.lha;Real Ghostbusters
Realms.lha;Realms
RealmsOfArkania.lha;Realms Of Arkania: Blade Of Destiny
Rebellion.lha;Rebellion
RedBaron.lha;Red Baron
RedHeat.lha;Red Heat
RedLightning.lha;Red Lightning
RedStormRising.lha;Red Storm Rising
RedZone.lha;Red Zone
Reflexity.lha;Reflexity
Renaissance.lha;Renaissance
Renegade.lha;Renegade
Renegade3.lha;Renegade 3
Renegades.lha;Renegades
Resolution101.lha;Resolution 101
ReturnOfTheJedi.lha;Return of the Jedi
ReturnToAtlantis.lha;Return To Atlantis
ReturnToGenesis.lha;Return to Genesis
Reunion.lha;Reunion
Revelation.lha;Revelation
RevengeOfDefender.lha;Revenge of Defender
RevengeCamels.lha;Revenge of the Mutant Camels
Revenge2.lha;Revenge of the Mutant Camels 2
RickDangerous.lha;Rick Dangerous
RickDangerous2.lha;Rick Dangerous 2
RingSideBoxing.lha;Ring Side Boxing
RingsOfMedusa.lha;Rings Of Medusa
RingsOfMedusaGold.lha;Rings Of Medusa Gold
RiseOfTheDragon.lha;Rise Of The Dragon
RiseOfTheRobots.lha;Rise of the Robots
Risk.lha;Risk
RiskyWoods.lha;Risky Woods
RoadBlasters.lha;Road Blasters
RoadKill.lha;Road Kill
RoadRash.lha;Road Rash
RoadwarEuropa.lha;Roadwar Europa
RoadWars.lha;Road Wars
RoadWarsArcadia.lha;Roadwars - Arcadia
Robbeary.lha;Robbeary
RobinHoodLegendQuest.lha;Robin Hood: Legend Quest
RobinsonsRequiem.lha;Robinson's Requiem
RoboCop.lha;RoboCop
RoboCop2.lha;RoboCop 2
RoboCop3.lha;RoboCop 3
RoboSport.lha;RoboSport
Roboter.lha;Roboter
Robotnic.lha;Robotnic
RobotReaderChickenLittle.lha;Robot Reader: Chicken Little
AesopsFables.lha;Robot Readers: Aesop's Fables
Robozone.lha;Robozone
RockChallenge.lha;Rock Challenge
RocketRanger.lha;Rocket Ranger
Rockford.lha;Rockford
RocknRoll.lha;Rock'n Roll
RockStar.lha;Rock Star
RockstarHamster.lha;Rockstar Ate My Hamster!
RockstarNTRT.lha;Rockstar: Never Trust Rotten Tangerines
Rodland.lha;Rodland
RodyAndMastico.lha;Rody &amp; Mastico
RodyAndMastico2.lha;Rody &amp; Mastico 2
RodyAndMastico3.lha;Rody &amp; Mastico 3
RodyAndMastico4RodyNoel.lha;Rody &amp; Mastico 4 - Rody Noel
RodyAndMastico5.lha;Rody &amp; Mastico 5
RodyAndMastico6.lha;Rody &amp; Mastico 6
Rogue.lha;Rogue
RogueTrooper.lha;Rogue Trooper
Roketz.lha;Roketz
RollerCoasterRumbler.lha;Roller Coaster Rumbler
RollingRonny.lha;Rolling Ronny
RollOrDie.lha;Roll or Die
RomeAd92.lha;Rome AD 92
Rotor.lha;Rotor
Rotox.lha;Rotox
RoundTheBend.lha;Round the Bend
RType.lha;R-Type
RType2.lha;R-Type 2
Rubicon.lha;Rubicon
RuffAndReddy.lha;Ruff and Reddy
Ruffian.lha;Ruffian
RuffNTumble.lha;Ruff'n'Tumble
RugbyTheWorldCup.lha;Rugby the World Cup
RunningMan.lha;Running Man
RunTheGauntlet.lha;Run the Gauntlet
RushHour.lha;Rush Hour
RVFHonda.lha;RVF Honda
SabreTeam.lha;Sabre Team
SafariGuns.lha;Safari Guns
SaintAndGreavsie.lha;Saint &amp; Greavsie
SaintDragon.lha;Saint Dragon
BiplaneDuel.lha;Salmon-Pink Max
Sanctuary.lha;Sanctuary
SantasXmasCaper.lha;Santa's Xmas Caper
Sarakon.lha;Sarakon
Sarcophaser.lha;Sarcophaser
SASCombatSimulator.lha;SAS Combat Simulator
Satan.lha;Satan
Savage.lha;Savage
Scapeghost.lha;Scapeghost
ScoobyDoo.lha;Scooby-Doo
Scorpio.lha;Scorpio
Scorpion.lha;Scorpion
Scrabble.lha;Scrabble
ScrambleSpirits.lha;Scramble Spirits
ScrollingWalls.lha;Scrolling Walls
SDI.lha;S.D.I.
SecondSamurai.lha;Second Samurai
SecondsOut.lha;Seconds Out
SecretOfTheSilverBlades.lha;Secret Of The Silver Blades
SeekAndDestroy.lha;Seek and Destroy
SensibleGolf.lha;Sensible Golf
SensibleSoccer.lha;Sensible Soccer
SensibleSoccerBulldog.lha;Sensible Soccer 92/93 Meets Bulldog Blighty
SensibleSoccerCD.lha;Sensible Soccer CD??
SensibleTrainSpotter.lha;Sensible Train Spotter
SensibleWorldMoonSoccer.lha;Sensible World of Moon Soccer Demo
SWOS.lha;Sensible World of Soccer
SevenGatesOfJambala.lha;Seven Gates of Jambala
Sextimates.lha;Sextimates
SeymourHollywood.lha;Seymour goes to Hollywood
ShadowDancer.lha;Shadow Dancer
ShadowFighter.lha;Shadow Fighter
ShadowFighterCD.lha;Shadow Fighter CD??
Shadowgate.lha;Shadowgate
ShadowLands.lha;Shadow Lands
Beast.lha;Shadow of the Beast
Beast2.lha;Shadow of the Beast 2
Beast2Demo.lha;Shadow of the Beast 2 Demo
Beast3.lha;Shadow of the Beast 3
BeastDemo.lha;Shadow of the Beast Demo
Shadoworlds.lha;Shadoworlds
ShadowSorcerer.lha;Shadow Sorcerer
ShadowWarriors.lha;Shadow Warriors
Shanghai.lha;Shanghai
Shaq-Fu.lha;Shaq-Fu
SharkeysMoll.lha;Sharkeys Moll
Vixen.lha;She-Fox
ShermanM4.lha;Sherman-M4
Shinobi.lha;Shinobi
ShockWave.lha;Shock Wave
Shuffle.lha;Shuffle
ShufflepuckCafe.lha;Shufflepuck Cafe
Shuttle.lha;Shuttle
SideArms.lha;Side Arms
SideShow.lha;Side Show
SideWinder.lha;Sidewinder
SideWinder2.lha;Side Winder 2
SideWinderArcadia.lha;SideWinder - Arcadia
SierraSoccer.lha;Sierra Soccer
SilentService.lha;Silent Service
SilentService2.lha;Silent Service 2
SiliconDreams.lha;Silicon Dreams
Silkworm.lha;Silkworm
SimAnt.lha;Sim Ant
SimCity.lha;Sim City
SimEarth.lha;Sim Earth
SimLife.lha;Sim Life
SimonTheSorcerer.lha;Simon The Sorcerer
Simulcra.lha;Simulcra
Sinbad.lha;Sinbad and the Throne of the Falcon
SinkOrSwim.lha;Sink or Swim
Sixiang.lha;Sixiang
SkaermtroldenHugo.lha;Sk?rmtrolden Hugo
SkateOfTheArt.lha;Skate of the Art
SkeetShoot.lha;Skeet Shoot
SkeletonKrew.lha;Skeleton Krew
Skidmarks.lha;Skidmarks
Skidz.lha;Skidz
SkiOrDie.lha;Ski or Die
Skrull.lha;Skrull
SkullAndCrossbones.lha;Skull &amp; Cross Bones
Skweek.lha;Skweek
SkyChase.lha;Sky Chase
Skyfox.lha;Skyfox
Skyfox2.lha;Skyfox II - The Cygnus Conflict
SkyHighStuntman.lha;Sky High Stuntman
SlackskinAndFlint.lha;Slackskin &amp; Flint
SlamTilt.lha;Slam Tilt
SlamTiltDemo.lha;Slam Tilt demo
Slayer.lha;Slayer
SleepingGodsLie.lha;Sleeping Gods Lie
SleepWalker.lha;Sleepwalker
Sliders.lha;Sliders
SlightlyMagic.lha;Slightly Magic
SlipStream.lha;Slip Stream
SlySpySecretAgent.lha;Sly Spy Secret Agent
SmashTV.lha;Smash TV
Snapperazzi.lha;Snapperazzi
Sneech.lha;Sneech
SnoopyAndPeanuts.lha;Snoopy And Peanuts
SnowBros.lha;Snow Bros
SnowStrike.lha;Snow Strike
SoccerKid.lha;Soccer Kid
SoccerPinball.lha;Soccer Pinball
SoccerSuperstars.lha;Soccer Superstars
Soldier2000.lha;Soldier 2000
SoldierOfLight.lha;Soldier of Light
SolidGold.lha;Solid Gold
SolomonsKey2.lha;Solomon's Key 2
SonicBoom.lha;Sonic Boom
SonShuShi.lha;Son Shu-Shi
SootyAndSweep.lha;Sooty &amp; Sweep
SootysFunWithNumbers.lha;Sooty's Fun With Numbers
Sophelie.lha;Sophelie
SorcererLord.lha;Sorcerer Lord
SorcerorsApprentice.lha;Sorceror's Apprentice
Sorcery.lha;Sorcery+
SoreFist.lha;Sorefist
SpaceAce.lha;Space Ace
SpaceAce2.lha;Space Ace 2
SpaceAceDemo.lha;Space Ace Demo
SpaceAssault.lha;Space Assault
SpaceBall.lha;Space Ball
SpaceCrusade.lha;Space Crusade
SpaceCutter.lha;Space Cutter
SpaceGun.lha;Space Gun
SpaceHarrier.lha;Space Harrier
SpaceHarrier2.lha;Space Harrier 2
SpaceHulk.lha;Space Hulk
SpaceMAX.lha;Space MAX
SpacePilot89.lha;Space Pilot 89
SpaceQuest.lha;Space Quest
SpaceQuest2.lha;Space Quest 2
SpaceQuest3.lha;Space Quest 3
SpaceQuest4.lha;Space Quest 4
SpaceQuestEnhanced.lha;Space Quest Enhanced
SpaceRacer.lha;Space Racer
SpaceRangerArcadia.lha;Space Ranger - Arcadia
SpaceRogue.lha;Space Rogue
SpaceStation.lha;Space Station
SpecialForces.lha;Special Forces
Speedball.lha;Speedball
Speedball2.lha;Speedball 2: Brutal Deluxe
SpeedBall2CD.lha;Speedball 2 CD??
SpeedboatAssassin.lha;Speedboat Assassin
SpeedBuggy.lha;Speed Buggy
Spellbound.lha;Spellbound
SpellboundDizzy.lha;Spellbound Dizzy
SpellfireTheSorceror.lha;Spellfire the Sorceror
Spherical.lha;Spherical
SphericalWorlds.lha;Spherical Worlds
SpikeInTransylvania.lha;Spike in Transylvania
SpindizzyWorlds.lha;Spindizzy Worlds
SpiritOfAdventure.lha;Spirit of Adventure
SpittingImage.lha;Spitting Image
TableHockeyArcadia.lha;SportTime Table Hockey - Arcadia
TenPinBowlingArcadia.lha;SportTime Ten Pin Bowling - Arcadia
Spot.lha;Spot
SpotArcadia.lha;Spot - Arcadia
SpyVsSpy.lha;Spy Vs Spy
SpyVsSpy2IslandCaper.lha;Spy Vs Spy 2: The Island Caper
SpyVsSpy3ArcticAntics.lha;Spy Vs Spy 3: Arctic Antics
Sqrxz.lha;Sqrxz
StackUp.lha;Stack Up
Starbirds.lha;Starbirds
Starblade.lha;Starblade
Starblaze.lha;Starblaze
StarCommand.lha;Star Command
StarControl.lha;Star Control
StarCrusader.lha;Star Crusader
Stardust.lha;Stardust
Starglider.lha;Starglider
Starglider2.lha;Starglider 2
Stargoose.lha;Stargoose
Starians.lha;Starians
Starlord.lha;Starlord
Starray.lha;Starray
StarTrash.lha;Star Trash
StarTrek25th.lha;Star Trek 25th Anniversary
Starush.lha;Starush
StarWars.lha;Star Wars
Steel.lha;Steel
SteelEmpire.lha;Steel Empire
StegTheSlug.lha;Steg the Slug
Steigar.lha;Steigar
Stellar7.lha;Stellar 7
StoneAge.lha;Stone Age
Stormball.lha;Stormball
Stormlord.lha;Stormlord
StormMaster.lha;Storm Master
Stratego.lha;Stratego
StreetFighter.lha;Streetfighter
Streetfighter2.lha;Streetfighter 2
StreetGang.lha;Street Gang
StreetRacer.lha;Street Racer
StreetRod.lha;Street Rod
StreetRod2.lha;Street Rod 2
StreetSportsBasketball.lha;Street Sports Basketball
Strider.lha;Strider
Strider2.lha;Strider 2
StrikeAces.lha;Strike Aces
Striker.lha;Striker
StripPoker.lha;Strip Poker
StripPoker2.lha;Strip Poker 2
StripPoker2+.lha;Strip Poker 2+
StripPoker3.lha;Strip Poker 3
StripPot.lha;Strip Pot
Stryx.lha;Stryx
STUNRunner.lha;STUN Runner
StuntCarRacer.lha;Stunt Car Racer
StuntTrackRacer.lha;Stunt Track Racer
SubBattleSimulator.lha;Sub Battle Simulator
Subbuteo.lha;Subbuteo
Subtrade.lha;Subtrade
SuburbanCommando.lha;Suburban Commando
Subwar2050.lha;Subwar 2050
SummerCamp.lha;Summer Camp
SummerOlympiad.lha;Summer Challenge
SummerGames.lha;Summer Games
SummerOlympiad.lha;Summer Olympiad
Supaplex.lha;Supaplex
SuperC.lha;Super C
SuperCars.lha;Super Cars
SuperCars2.lha;Super Cars 2
SuperCauldron.lha;Super Cauldron
Superfrog.lha;Superfrog
SuperfrogDemo.lha;Superfrog Demo
SuperGrandPrix.lha;Super Grand Prix
GridRunner.lha;Super Grid Runner
SuperHangOn.lha;Super Hang-On
SuperHeroDemo.lha;Superhero Demo
SuperLoopz.lha;Super Loopz
Superman.lha;Superman: The Man Of Steel
SuperMethaneBros.lha;Super Methane Bros
SuperMonacoGP.lha;Super Monaco GP
SuperObliteration.lha;Super Obliteration
SuperOffroad.lha;Super Offroad
SuperOsWald.lha;Super OsWALD
SuperScrambleSimulator.lha;Super Scramble Simulator
SuperSeymour.lha;Super Seymour saves the Planet
SuperSki.lha;Super Ski
SuperSki2.lha;Super Ski 2
SkidMarks2.lha;Super Skidmarks
SuperSkweek.lha;Super Skweek
SuperSpaceInvaders.lha;Super Space Invaders
SuperStarDust.lha;Super Stardust
SuperstarIceHockey.lha;Superstar Ice Hockey
SuperStreetFighter2.lha;Super Street Fighter 2
SuperStreetFighter2Turbo.lha;Super Street Fighter 2 Turbo
SuperTennisChamps.lha;Super Tennis Champs
SuperTetris.lha;Super Tetris
Super-Twintris.lha;Super-Twintris
Supremacy.lha;Supremacy
SurfNinjas.lha;Surf Ninjas
SuspiciousCargo.lha;Suspicious Cargo
Swap.lha;Swap
Switchblade.lha;Switchblade
Switchblade2.lha;Switchblade 2
SWIV.lha;SWIV
Swooper.lha;Swooper
Sword.lha;Sword
SwordOfHonour.lha;Sword of Honour
SwordOfSodan.lha;Sword of Sodan
SwordsAndGalleons.lha;Swords &amp; Galleons
SwordsOfTwilight.lha;Swords Of Twilight
Syndicate.lha;Syndicate
TableTennisSimulation.lha;Table Tennis Simulation
Taekwondo.lha;Taekwondo
TakeemOut.lha;Take'em Out
Tanglewood.lha;Tanglewood
Tangram.lha;Tangram
Targhan.lha;Targhan
TassTimesInTonetown.lha;Tass Times In Tonetown
T-Bird.lha;T-Bird
TeamSuzuki.lha;Team Suzuki
TeamYankee.lha;Team Yankee
TearawayThomas.lha;Tearaway Thomas
Tech.lha;Tech
Technocop.lha;Technocop
Technology2.lha;Technology 2
Tecnoball.lha;Tecnoball
TeenageMutantHeroTurtles.lha;Teenage Mutant Hero Turtles
TeenageMutantArcade.lha;Teenage Mutant Hero Turtles (Arcade)
TeenageMutantNinja.lha;Teenage Mutant Ninja Turtles
TeenageQueen.lha;Teenage Queen
TempleOfApshaiTrilogy.lha;Temple of Apshai Trilogy
TennisChamps.lha;Tennis Champs
TennisCup.lha;Tennis Cup
TennisCup2.lha;Tennis Cup 2
TensaiDemo.lha;Tensai Demo
Terminator2-Arcade.lha;Terminator 2 - Arcade Game
Terminator2JD.lha;Terminator 2 - Judgment Day
CosmicRelief.lha;Terramex
Terrorpods.lha;Terrorpods
TerrysBigAdventure.lha;Terry's Big Adventure
TestDrive.lha;Test Drive
TestDrive2.lha;Test Drive 2 - The Duel
TetraQuest.lha;Tetra Quest
Tetris.lha;Tetris
TetrisPro.lha;Tetris Pro
TetrisSC.lha;Tetris: The Soviet Challenge
Tetrix.lha;Tetrix
AddamsFamily.lha;The Addams Family
GenlockHolmes.lha;The Adventures of Genlock Holmes
WillyBeamish.lha;The Adventures Of Willy Beamish
AncientArtOfWarInTheSkies.lha;The Ancient Art of War in the Skies
TheatreOfDeath.lha;Theatre of Death
AotGSA.lha;The Attack of the Green Smelly Aliens from Planet 27b/6
TheBallGame.lha;The Ball Game
BluesBrothers.lha;The Blues Brothers
TheTeller.lha;The Brain Blasters
TheCartoons.lha;The Cartoons
TheChamp.lha;The Champ
TheClue.lha;The Clue!
TheColony.lha;The Colony
TheCycles.lha;The Cycles
DarkQueenOfKrynn.lha;The Dark Queen Of Krynn
TheDeep.lha;The Deep
TheEnforcer.lha;The Enforcer
FinalBattle.lha;The Final Battle
TheFlintstones.lha;The Flintstones
Legend.lha;The four crystals of Trazere
GamesSummerEdition.lha;The Games: Summer Edition
GamesWinterEdition.lha;The Games: Winter Edition
GuildOfThieves.lha;The Guild of Thieves
HalleyProject.lha;The Halley Project
Humans.lha;The Humans
HumanRace.lha;The Humans 2: Jurassic Levels
HumansIII.lha;The Humans 3: Evolution - Lost in time
Immortal.lha;The Immortal
TheirFinestHour.lha;Their Finest Hour: The Battle of Britain
IslandOfLostHope.lha;The Island Of Lost Hope
KeysToMaramon.lha;The Keys To Maramon
TheKingOfChicago.lha;The King Of Chicago
TheKristal.lha;The Kristal
LostVikings.lha;The Lost Vikings
ThemePark.lha;Theme Park
ThemeParkMystery.lha;Theme Park Mystery
TheMoochies.lha;The Moochies
TheMunsters.lha;The Munsters
TheOath.lha;The Oath
ParanoiaComplex.lha;The Paranoia Complex
Patrician.lha;The Patrician
ThePawn.lha;The Pawn
ThePower.lha;The Power
TheQuestForTheTimeBird.lha;The Quest For The Time Bird
TheRaiders.lha;The Raiders
TheRealPopeye.lha;The Real Popeye
MonkeyIsland.lha;The Secret of Monkey Island
Sentinel.lha;The Sentinel
Sentinel.lha;The Sentry
TheSettlers.lha;The Settlers
TheShortGrey.lha;The Short Grey
SperisLegacy.lha;The Speris Legacy
SpyWhoLovedMe.lha;The Spy Who Loved Me
TheSwordAndTheRose.lha;The Sword and the Rose
TheTeller.lha;The Teller
TheThirdCourier.lha;The Third Courier
TheThreeStooges.lha;The Three Stooges
TownWithNoName.lha;The Town with no Name
TheToyottes.lha;The Toyottes
TheUltimatePinballQuest.lha;The Ultimate Pinball Quest
UltimateRide.lha;The Ultimate Ride
TheWall.lha;The Wall (Rainbow Arts)
WayOfTheLittleDragon.lha;The way of the Little Dragon
Thexder.lha;Thexder
ThirdReich.lha;Third Reich
ThomasTankEngine.lha;Thomas the Tank Engine
ThomasTankEngine2.lha;Thomas the Tank Engine 2
ThomasTankEnginePinball.lha;Thomas the Tank Engine Pinball
Thunderbirds.lha;Thunderbirds
ThunderBlade.lha;Thunder Blade
ThunderBoy.lha;Thunder Boy
ThunderBurner.lha;Thunder Burner
ThunderCats.lha;Thunder Cats
Thunderhawk.lha;Thunderhawk
ThunderJaws.lha;Thunder Jaws
Thunderstrike.lha;Thunderstrike
TieBreak.lha;Tie-Break
TigerRoad.lha;Tiger Road
Time.lha;Time
TimeAndMagik.lha;Time and magik
TimeBandit.lha;Time Bandit
TimeLock.lha;Time Lock
TimeMachine.lha;Time Machine
TimeRace.lha;Time Race
TimeRunners01.lha;Time Runners 1: Gateways In Time
TimeRunners02.lha;Time Runners 2: The Space Stone
TimeRunners03.lha;Time Runners 3: The Big Run
TimeRunners04.lha;Time Runners 4: The Castle Of Fear
TimeRunners05.lha;Time Runners 5: The Black Knight
TimeRunners06.lha;Time Runners 6: The Bewitched Forest
TimeRunners07.lha;Time Runners 7: The Land Of The Invaders
TimeRunners08.lha;Time Runners 8: The Impregnable Fortress
TimeRunners09.lha;Time Runners 9: The Time Demon
TimeRunners10.lha;Time Runners 10: The Time Sentry
TimeRunners11.lha;Time Runners 11: The Steel City
TimeRunners12.lha;Time Runners 12: A Target For The Cyborg
TimeRunners13.lha;Time Runners 13: Cyberkiller
TimeRunners14.lha;Time Runners 14: Toraxid - War Star
TimeRunners15.lha;Time Runners 15: At The Speed Of Light
TimeRunners16.lha;Time Runners 16: The Galaxy Emperor
TimeRunners17.lha;Time Runners 17: The Living Labyrinth
TimeRunners18.lha;Time Runners 18: The Killer Shadow
TimeRunners19.lha;Time Runners 19: The Nightmare Prince
TimeRunners20.lha;Time Runners 20: The Mountains Of Death
TimeRunners21.lha;Time Runners 21: The Black Dragon's Course
TimeRunners22.lha;Time Runners 22: The Eternal Damned
TimeRunners23.lha;Time Runners 23: The Time Monarch
TimeRunners24.lha;Time Runners 24: Beyond all Dimensions
TimeRunners25.lha;Time Runners 25: The lost Planet Earth
TimeRunners26.lha;Time Runners 26: The Time Warrior
TimeRunners27.lha;Time Runners 27: Red Night
TimeRunners28.lha;Time Runners 28: Beyond The End
TimeRunners29.lha;Time Runners 29: The Last Revelation
TimeRunners30.lha;Time Runners 30: The Final Duel
TimeScanner.lha;Time Scanner
TimesOfLore.lha;Times of Lore
TimeSoldier.lha;Time Soldier
TintinOnTheMoon.lha;Tim und Struppi auf dem Mond
TintinOnTheMoon.lha;Tintin on the Moon
TinToyAdventure.lha;Tin Toy Adventure
TinySkweeks.lha;Tiny Skweeks
TinyTroops.lha;Tiny Troops
TipOff.lha;Tip Off
Titan.lha;Titan
TitanicBlinky.lha;Titanic Blinky
Moktar.lha;Titus the Fox
Toki.lha;Toki
TomAndTheGhost.lha;Tom and the Ghost
TomLandryStrategyFootball.lha;Tom Landry Strategy Football
TommyGun.lha;Tommy Gun
TonyAndFriends.lha;Tony &amp; Friends in Kellog's Land
Toobin.lha;Toobin
TopBanana.lha;Top Banana
TopCat.lha;Top Cat
TopGear2.lha;Top Gear 2
TopSecret.lha;Top Secret
Tornado.lha;Tornado
TornadoGroundAttack.lha;Tornado Ground Attack
TorvakTheWarrior.lha;Torvak the Warrior
TotalCarnage.lha;Total Carnage
TotalEclipse.lha;Total Eclipse
TotalFootball.lha;Total Football
TotalRecall.lha;Total Recall
TournamentGolf.lha;Tournament Golf
TowerOfBabel.lha;Tower of Babel
TowerOfSouls.lha;Tower Of Souls
TowerToppler.lha;Tower Toppler
ToyotaCelicaGTRally.lha;Toyota Celica GT Rally
TRacer.lha;T-Racer
Tracker.lha;Tracker
Traders.lha;Traders
TrainedAssassin.lha;Trained Assassin
Transarctica.lha;Transarctica
Transplant.lha;Transplant
Transworld.lha;Transworld
TrapsNTreasures.lha;Traps'n'Treasures
TreasureIslandDizzy.lha;Treasure Island Dizzy
TreasuresSavageFrontier.lha;Treasures Of The Savage Frontier
TreasureTrap.lha;Treasure Trap
TrexWarrior.lha;Trex Warrior
TrianGO.lha;TrianGO
TrickyQuikyGames.lha;Tricky Quiky Games
TripleX.lha;Triple X
TrivialPursuit.lha;Trivial Pursuit
TrivialPursuit2.lha;Trivial Pursuit Genus 2
Troddlers.lha;Troddlers
Trolls.lha;Trolls
TubeWarriors.lha;Tube Warriors
TubularWorlds.lha;Tubular Worlds
Turbo.lha;Turbo
TurboOutrun.lha;Turbo Outrun
TurboRaketti2.lha;TurboRaketti II
TurboTrax_Arcane.lha;Turbo Trax
TurnNBurn.lha;Turn'n'Burn
Turrican.lha;Turrican
Turrican2.lha;Turrican 2
Turrican2Demo.lha;Turrican 2 Demo
Turrican3.lha;Turrican 3
Turrican3Demo.lha;Turrican 3 Demo
TurricanDemo.lha;Turrican demo
Tusker.lha;Tusker
TVSportsBaseball.lha;TV Sports Baseball
TVSportsBasketball.lha;TV Sports Basketball
TVSportsBoxing.lha;TV Sports Boxing
TVSportsFootball.lha;TV Sports Football
Twintris.lha;Twintris
TwinTurbos.lha;Twin Turbos
TwinWorld.lha;Twin World
Twylyte.lha;Twylyte
Typhoon.lha;Typhoon
TyphoonThompson.lha;Typhoon Thompson
T-Zer0Demo.lha;T-Zer0 demo
UFO.lha;UFO - Enemy Unknown
Ugh.lha;Ugh!
UltimaIII.lha;Ultima III: Exodus
UltimaIV.lha;Ultima IV: Quest for the Avatar
UltimaV.lha;Ultima V: Warriors of Destiny
UltimaVI.lha;Ultima VI: The False Prophet
UltimateBodyBlows.lha;Ultimate Body Blows
UltimateGolf.lha;Ultimate Golf
UMSII.lha;UMS II: Nations at War
UMS.lha;UMS: Universal Military Simulator
UnderPressure.lha;Under Pressure
Uninvited.lha;Uninvited
UniversalMonsters.lha;Universal Monsters
UniversalWarrior.lha;Universal Warrior
Universe.lha;Universe
Universe3.lha;Universe 3
Unreal.lha;Unreal
UnsensibleSoccer.lha;Unsensible Soccer
UNSquadron.lha;UN Squadron
Untouchables.lha;Untouchables
UpScope.lha;Up Scope
UpScopeArcadia.lha;Up Scope - Arcadia
Uridium2.lha;Uridium 2
USSJohnYoung.lha;U.S.S. John Young
Utopia.lha;Utopia
Vader.lha;Vader
ValhallaLOI.lha;Valhalla &amp; the Lord of Infinity
ValhallaBTW.lha;Valhalla - Before The War
VampiresEmpire.lha;Vampires Empire
Vaxine.lha;Vaxine
Vectorball.lha;Vectorball
VectorChampionshipRun.lha;Vector Championship Run
VegasGambler.lha;Vegas Gambler
VenomWing.lha;Venom Wing
VenusTheFlytrap.lha;Venus the Flytrap
Vermeer.lha;Vermeer
ViajeAlCentroDeLaTierra.lha;Viaje Al Centro De La Tierra
VictoryRoad.lha;Victory Road
VideoKid.lha;Video Kid
Vigilante.lha;Vigilante
Vindicators.lha;Vindicators
Violator.lha;Violator
Virocop.lha;Virocop
VirtualKarting.lha;Virtual Karting
VirtualKarting2.lha;Virtual Karting 2
VirtualKarting2Demo.lha;Virtual Karting 2 demo
VirtualKartingDemo.lha;Virtual Karting demo
Virus.lha;Virus
VitalLight.lha;Vital Light
Vixen.lha;Vixen
Viz.lha;Viz
Volfied.lha;Volfied
VoodooNightmare.lha;Voodoo Nightmare
Voyager.lha;Voyager
ChristophKolumbus.lha;Voyages Of Discovery
Vroom.lha;Vroom
VroomMultiplayer.lha;Vroom Multiplayer
Vyper.lha;Vyper
Vyrus.lha;Vyrus
WackyDarts.lha;Wacky Darts
WackyRaces.lha;Wacky Races
WacusTheDetective.lha;Wacus The Detective
Walker.lha;Walker
Wanderer3D.lha;Wanderer 3D
Wanted.lha;Wanted
Warhead.lha;Warhead
WarInMiddleEarth.lha;War In Middle Earth
WarInTheGulf.lha;War In The Gulf
WarlocksQuest.lha;Warlock's Quest
WarlockTheAvenger.lha;Warlock the Avenger
Warlords.lha;Warlords
WarMachine.lha;War Machine
WarmUp.lha;Warm Up
WARP.lha;WARP
Warzone.lha;Warzone (Core Design)
Warzone_Paradox.lha;Warzone (Paradox Software)
WatchTower.lha;WatchTower
Waterloo.lha;Waterloo
Waxworks.lha;Waxworks
WayneGretzkyHockey.lha;Wayne Gretzky Hockey
WayneGretzkyHockey2.lha;Wayne Gretzky Hockey 2
WebOfTerror.lha;Web of Terror
Ween.lha;Ween: The Prophecy
WeirdDreams.lha;Weird Dreams
Welltris.lha;Welltris
WembleyInternationalSoccer.lha;Wembley International Soccer
WembleyRugbyLeague.lha;Wembley Rugby League
WesternGames.lha;Western Games
WestPhaser.lha;West Phaser
WheelsOnFire.lha;Wheels On Fire
CarmenSandiegoEurope.lha;Where in Europe is Carmen Sandiego
CarmenSandiegoUSA.lha;Where in the USA is Carmen Sandiego
CarmenWorld.lha;Where in the World is Carmen Sandiego
WhereTimeStoodStill.lha;Where Time Stood Still
Whirligig.lha;Whirligig
WhiteDeath.lha;White Death: Battle for Velikiye Luki, November 1942
Whizz.lha;Whizz
WhoFramedRogerRabbit.lha;Who Framed Roger Rabbit?
Wicked.lha;Wicked
WildCupSoccer.lha;Wild Cup Soccer
WildStreets.lha;Wild Streets
WildWestWorld.lha;Wild West World
WildWheels.lha;Wild Wheels
WindowWizard.lha;Window Wizard
WindSurfWilly.lha;Wind Surf Willy
Windwalker.lha;Windwalker
WingCommander.lha;Wing Commander
Wings.lha;Wings
WingsOfDeath.lha;Wings of Death
WingsOfFury.lha;Wings of Fury
WinnieThePooh.lha;Winnie the Pooh in the Hundred Acre Wood
WinningPost.lha;Winning Post
WinterCamp.lha;Winter Camp
WinterOlympiad.lha;Winter Challenge
WinterGames.lha;Winter Games
WinterOlympiad.lha;Winter Olympiad
WinterOlympics.lha;Winter Olympics
WinterSuperSports92.lha;Winter Super Sports '92
Winzer.lha;Winzer
Wisielec.lha;Wisielec
BaneOfCosmicForge.lha;Wizardry 6
Wizball.lha;Wizball
Wizkid.lha;Wizkid
WizNLiz.lha;Wiz'n'Liz
Wolfchild.lha;Wolfchild
Wolfpack.lha;Wolfpack
WonderboyInMonsterland.lha;Wonderboy in Monsterland
WonderDog.lha;Wonderdog
Wonderland.lha;Wonderland
WoodysWorld.lha;Woody's World
WorldChampBoxingManager.lha;World Championship Boxing Manager
WorldChampSoccer.lha;World Championship Soccer
WorldCircuit.lha;World Circuit
WCLeaderboardGolf.lha;World Class Leaderboard Golf
WorldClassRugby.lha;World Class Rugby
WorldClassRugby5Nations.lha;World Class Rugby - 5 Nations Edition
WorldClassRugby95.lha;World Class Rugby '95
WorldClassSoccer.lha;World Class Soccer
WorldCricket.lha;World Cricket
WorldCup90.lha;World Cup 90
WorldDarts.lha;World Darts
WorldDartsArcadia.lha;World Darts - Arcadia
WorldGames.lha;World Games
WorldRugby.lha;World Rugby
WorldSoccer.lha;World Soccer
WorldsOfLegend.lha;Worlds of Legend
WorldTourGolf.lha;World Tour Golf
WorldTrophySoccerArcadia.lha;World Trophy Soccer - Arcadia
Worms.lha;Worms
WormSigns.lha;Worm Signs
WormsDC.lha;Worms - The Director's Cut
WPotrzasku.lha;W Potrzasku
WrathOfTheDemon.lha;Wrath of the Demon
Wreckers.lha;Wreckers
WWFEuropeanRampage.lha;WWF European Rampage
WWFWrestlemania.lha;WWF Wrestlemania
Xenex.lha;Xenex
Xenomorph.lha;Xenomorph
Xenon.lha;Xenon
Xenon2.lha;Xenon 2
Xenon2Demo.lha;Xenon 2 Demo
XenonArcadia.lha;Xenon - Arcadia
Xenophobe.lha;Xenophobe
Xiphos.lha;Xiphos - The universe unfolds
X-It.lha;X-It
X-Out.lha;X-Out
XP8.lha;XP8
XR35.lha;XR-35
XTremeRacing.lha;XTreme Racing
Xybots.lha;Xybots
YogiBearAndFriends.lha;Yogi Bear and Friends in The Greed Monster
YogisBigCleanUp.lha;Yogi's Big Clean Up
YogisGreatEscape.lha;Yogi's Great Escape
YoJoe.lha;Yo! Joe!
YoJoeDemo.lha;Yo! Joe! Demo
Yolanda.lha;Yolanda
ZakMcKracken.lha;Zak Mc Kracken
ZanyGolf.lha;Zany Golf
Zarathrusta.lha;Zarathrusta
Zaxxon.lha;Zaxxon
Zeewolf.lha;Zeewolf
Zeewolf2.lha;Zeewolf 2
ZeroGravity.lha;Zero Gravity
Ziriax.lha;Ziriax
Zombi.lha;Zombi
ZombieApocalypse.lha;Zombie Apocalypse
ZombieApocalypse2.lha;Zombie Apocalypse 2
ZoneWarrior.lha;Zone Warrior
Zool.lha;Zool
Zool2.lha;Zool 2
Zoom.lha;Zoom!
Z-Out.lha;Z-Out
Zyconix.lha;Zyconix
Zynaps.lha;Zynaps
