"Priority";"Name";"File";"Keywords"
"1";"3001OConnorsFight";"C:\Work\First Realize\amiga-whdload-game-scripts\screenshots\iGameUpdatePackTroelsDK\IFF 320x256 - Interlaced\IFF\0_9\3001OConnorsFight\igame.iff";"3001 oconnors fight"
"1";"4D Sports Driving";"C:\Work\First Realize\amiga-whdload-game-scripts\screenshots\iGameUpdatePackTroelsDK\IFF 320x256 - Interlaced\IFF\0_9\4D Sports Driving\igame.iff";"4d sports driving"
"1";"7Colours";"C:\Work\First Realize\amiga-whdload-game-scripts\screenshots\iGameUpdatePackTroelsDK\IFF 320x256 - Interlaced\IFF\0_9\7Colours\igame.iff";"7 colours"
"1";"AceballAGA";"C:\Work\First Realize\amiga-whdload-game-scripts\screenshots\iGameUpdatePackTroelsDK\IFF 320x256 - Interlaced\IFF\A\AceballAGA\igame.iff";"aceball aga"
"1";"ACSYSDemoAGA";"C:\Work\First Realize\amiga-whdload-game-scripts\screenshots\iGameUpdatePackTroelsDK\IFF 320x256 - Interlaced\IFF\A\ACSYSDemoAGA\igame.iff";"acsysdemo aga"
"1";"AGE";"C:\Work\First Realize\amiga-whdload-game-scripts\screenshots\iGameUpdatePackTroelsDK\IFF 320x256 - Interlaced\IFF\A\AGE\igame.iff";"age"
"1";"AlienBash2";"C:\Work\First Realize\amiga-whdload-game-scripts\screenshots\iGameUpdatePackTroelsDK\IFF 320x256 - Interlaced\IFF\A\AlienBash2\igame.iff";"alien bash 2"
"1";"AlienBreed2";"C:\Work\First Realize\amiga-whdload-game-scripts\screenshots\iGameUpdatePackTroelsDK\IFF 320x256 - Interlaced\IFF\A\AlienBreed2\igame.iff";"alien breed 2"
"1";"AlienBreed2AGA";"C:\Work\First Realize\amiga-whdload-game-scripts\screenshots\iGameUpdatePackTroelsDK\IFF 320x256 - Interlaced\IFF\A\AlienBreed2AGA\igame.iff";"alien breed 2 aga"
"1";"AlienBreed3D2AGA";"C:\Work\First Realize\amiga-whdload-game-scripts\screenshots\iGameUpdatePackTroelsDK\IFF 320x256 - Interlaced\IFF\A\AlienBreed3D2AGA\igame.iff";"alien breed 3d 2 aga"
"1";"AlienBreed3DAGA";"C:\Work\First Realize\amiga-whdload-game-scripts\screenshots\iGameUpdatePackTroelsDK\IFF 320x256 - Interlaced\IFF\A\AlienBreed3DAGA\igame.iff";"alien breed 3d aga"
"1";"AlienBreedTA11AGA";"C:\Work\First Realize\amiga-whdload-game-scripts\screenshots\iGameUpdatePackTroelsDK\IFF 320x256 - Interlaced\IFF\A\AlienBreedTA11AGA\igame.iff";"alien breed ta 11 aga"
"1";"AlienWorld";"C:\Work\First Realize\amiga-whdload-game-scripts\screenshots\iGameUpdatePackTroelsDK\IFF 320x256 - Interlaced\IFF\A\AlienWorld\igame.iff";"alien world"
"1";"Apidya";"C:\Work\First Realize\amiga-whdload-game-scripts\screenshots\iGameUpdatePackTroelsDK\IFF 320x256 - Interlaced\IFF\A\Apidya\igame.iff";"apidya"
"1";"ApidyaAudios";"C:\Work\First Realize\amiga-whdload-game-scripts\screenshots\iGameUpdatePackTroelsDK\IFF 320x256 - Interlaced\IFF\A\ApidyaAudios\igame.iff";"apidya audios"
"1";"ApidyaKaiko";"C:\Work\First Realize\amiga-whdload-game-scripts\screenshots\iGameUpdatePackTroelsDK\IFF 320x256 - Interlaced\IFF\A\ApidyaKaiko\igame.iff";"apidya kaiko"
"1";"AquanautF1Licenceware";"C:\Work\First Realize\amiga-whdload-game-scripts\screenshots\iGameUpdatePackTroelsDK\IFF 320x256 - Interlaced\IFF\A\AquanautF1Licenceware\igame.iff";"aquanaut f 1 licenceware"
"1";"Arkanoid";"C:\Work\First Realize\amiga-whdload-game-scripts\screenshots\iGameUpdatePackTroelsDK\IFF 320x256 - Interlaced\IFF\A\Arkanoid\igame.iff";"arkanoid"
"1";"ArmourGeddon2";"C:\Work\First Realize\amiga-whdload-game-scripts\screenshots\iGameUpdatePackTroelsDK\IFF 320x256 - Interlaced\IFF\A\ArmourGeddon2\igame.iff";"armour geddon 2"
"1";"AztecChallenge";"C:\Work\First Realize\amiga-whdload-game-scripts\screenshots\iGameUpdatePackTroelsDK\IFF 320x256 - Interlaced\IFF\A\AztecChallenge\igame.iff";"aztec challenge"
"1";"B17FlyingFortress";"C:\Work\First Realize\amiga-whdload-game-scripts\screenshots\iGameUpdatePackTroelsDK\IFF 320x256 - Interlaced\IFF\B\B17FlyingFortress\igame.iff";"b 17 flying fortress"
"1";"BabylonianTwinsDemo";"C:\Work\First Realize\amiga-whdload-game-scripts\screenshots\iGameUpdatePackTroelsDK\IFF 320x256 - Interlaced\IFF\B\BabylonianTwinsDemo\igame.iff";"babylonian twins demo"
"1";"BadCompany";"C:\Work\First Realize\amiga-whdload-game-scripts\screenshots\iGameUpdatePackTroelsDK\IFF 320x256 - Interlaced\IFF\B\BadCompany\igame.iff";"bad company"
"1";"Barbarian2Psygnosis";"C:\Work\First Realize\amiga-whdload-game-scripts\screenshots\iGameUpdatePackTroelsDK\IFF 320x256 - Interlaced\IFF\B\Barbarian2Psygnosis\igame.iff";"barbarian 2 psygnosis"
"1";"BatmanTheMovie";"C:\Work\First Realize\amiga-whdload-game-scripts\screenshots\iGameUpdatePackTroelsDK\IFF 320x256 - Interlaced\IFF\B\BatmanTheMovie\igame.iff";"batman the movie"
"1";"BattleIsle";"C:\Work\First Realize\amiga-whdload-game-scripts\screenshots\iGameUpdatePackTroelsDK\IFF 320x256 - Interlaced\IFF\B\BattleIsle\igame.iff";"battle isle"
"1";"Battlestorm";"C:\Work\First Realize\amiga-whdload-game-scripts\screenshots\iGameUpdatePackTroelsDK\IFF 320x256 - Interlaced\IFF\B\Battlestorm\igame.iff";"battlestorm"
"1";"BestOfTheBest";"C:\Work\First Realize\amiga-whdload-game-scripts\screenshots\iGameUpdatePackTroelsDK\IFF 320x256 - Interlaced\IFF\B\BestOfTheBest\igame.iff";"best of the"
"1";"BillsTomatoGame";"C:\Work\First Realize\amiga-whdload-game-scripts\screenshots\iGameUpdatePackTroelsDK\IFF 320x256 - Interlaced\IFF\B\BillsTomatoGame\igame.iff";"bills tomato game"
"1";"BiplaneDuel";"C:\Work\First Realize\amiga-whdload-game-scripts\screenshots\iGameUpdatePackTroelsDK\IFF 320x256 - Interlaced\IFF\B\BiplaneDuel\igame.iff";"biplane duel"
"1";"BlackCrypt";"C:\Work\First Realize\amiga-whdload-game-scripts\screenshots\iGameUpdatePackTroelsDK\IFF 320x256 - Interlaced\IFF\B\BlackCrypt\igame.iff";"black crypt"
"1";"BlackViperAGA";"C:\Work\First Realize\amiga-whdload-game-scripts\screenshots\iGameUpdatePackTroelsDK\IFF 320x256 - Interlaced\IFF\B\BlackViperAGA\igame.iff";"black viper aga"
"1";"Blob";"C:\Work\First Realize\amiga-whdload-game-scripts\screenshots\iGameUpdatePackTroelsDK\IFF 320x256 - Interlaced\IFF\B\Blob\igame.iff";"blob"
"1";"BomberBob";"C:\Work\First Realize\amiga-whdload-game-scripts\screenshots\iGameUpdatePackTroelsDK\IFF 320x256 - Interlaced\IFF\B\BomberBob\igame.iff";"bomber bob"
"1";"BombFusion";"C:\Work\First Realize\amiga-whdload-game-scripts\screenshots\iGameUpdatePackTroelsDK\IFF 320x256 - Interlaced\IFF\B\BombFusion\igame.iff";"bomb fusion"
"1";"BrainMan";"C:\Work\First Realize\amiga-whdload-game-scripts\screenshots\iGameUpdatePackTroelsDK\IFF 320x256 - Interlaced\IFF\B\BrainMan\igame.iff";"brain man"
"1";"Brataccas";"C:\Work\First Realize\amiga-whdload-game-scripts\screenshots\iGameUpdatePackTroelsDK\IFF 320x256 - Interlaced\IFF\B\Brataccas\igame.iff";"brataccas"
"1";"BridesOfDracula";"C:\Work\First Realize\amiga-whdload-game-scripts\screenshots\iGameUpdatePackTroelsDK\IFF 320x256 - Interlaced\IFF\B\BridesOfDracula\igame.iff";"brides of dracula"
"1";"Bubble&SqueakAGA";"C:\Work\First Realize\amiga-whdload-game-scripts\screenshots\iGameUpdatePackTroelsDK\IFF 320x256 - Interlaced\IFF\B\Bubble&SqueakAGA\igame.iff";"bubble squeak aga"
"1";"Bubble+";"C:\Work\First Realize\amiga-whdload-game-scripts\screenshots\iGameUpdatePackTroelsDK\IFF 320x256 - Interlaced\IFF\B\Bubble+\igame.iff";"bubble"
"1";"Caesar";"C:\Work\First Realize\amiga-whdload-game-scripts\screenshots\iGameUpdatePackTroelsDK\IFF 320x256 - Interlaced\IFF\C\Caesar\igame.iff";"caesar"
"1";"Calephar";"C:\Work\First Realize\amiga-whdload-game-scripts\screenshots\iGameUpdatePackTroelsDK\IFF 320x256 - Interlaced\IFF\C\Calephar\igame.iff";"calephar"
"1";"CalepharFiles";"C:\Work\First Realize\amiga-whdload-game-scripts\screenshots\iGameUpdatePackTroelsDK\IFF 320x256 - Interlaced\IFF\C\CalepharFiles\igame.iff";"calephar files"
"1";"CalepharImage";"C:\Work\First Realize\amiga-whdload-game-scripts\screenshots\iGameUpdatePackTroelsDK\IFF 320x256 - Interlaced\IFF\C\CalepharImage\igame.iff";"calephar image"
"1";"CaptainFizz";"C:\Work\First Realize\amiga-whdload-game-scripts\screenshots\iGameUpdatePackTroelsDK\IFF 320x256 - Interlaced\IFF\C\CaptainFizz\igame.iff";"captain fizz"
"1";"CastleMaster2";"C:\Work\First Realize\amiga-whdload-game-scripts\screenshots\iGameUpdatePackTroelsDK\IFF 320x256 - Interlaced\IFF\C\CastleMaster2\igame.iff";"castle master 2"
"1";"CatchEm";"C:\Work\First Realize\amiga-whdload-game-scripts\screenshots\iGameUpdatePackTroelsDK\IFF 320x256 - Interlaced\IFF\C\CatchEm\igame.iff";"catch em"
"1";"ChuckRock2";"C:\Work\First Realize\amiga-whdload-game-scripts\screenshots\iGameUpdatePackTroelsDK\IFF 320x256 - Interlaced\IFF\C\ChuckRock2\igame.iff";"chuck rock 2"
"1";"CityDefence";"C:\Work\First Realize\amiga-whdload-game-scripts\screenshots\iGameUpdatePackTroelsDK\IFF 320x256 - Interlaced\IFF\C\CityDefence\igame.iff";"city defence"
"1";"CJInTheUSA";"C:\Work\First Realize\amiga-whdload-game-scripts\screenshots\iGameUpdatePackTroelsDK\IFF 320x256 - Interlaced\IFF\C\CJInTheUSA\igame.iff";"cjin the usa"
"1";"Classic&BabyArcadia";"C:\Work\First Realize\amiga-whdload-game-scripts\screenshots\iGameUpdatePackTroelsDK\IFF 320x256 - Interlaced\IFF\C\Classic&BabyArcadia\igame.iff";"classic baby arcadia"
"1";"ClassicPucman";"C:\Work\First Realize\amiga-whdload-game-scripts\screenshots\iGameUpdatePackTroelsDK\IFF 320x256 - Interlaced\IFF\C\ClassicPucman\igame.iff";"classic pucman"
"1";"CloudKingdoms";"C:\Work\First Realize\amiga-whdload-game-scripts\screenshots\iGameUpdatePackTroelsDK\IFF 320x256 - Interlaced\IFF\C\CloudKingdoms\igame.iff";"cloud kingdoms"
"1";"ClownOMania";"C:\Work\First Realize\amiga-whdload-game-scripts\screenshots\iGameUpdatePackTroelsDK\IFF 320x256 - Interlaced\IFF\C\ClownOMania\igame.iff";"clown omania"
"1";"CosmicBouncer";"C:\Work\First Realize\amiga-whdload-game-scripts\screenshots\iGameUpdatePackTroelsDK\IFF 320x256 - Interlaced\IFF\C\CosmicBouncer\igame.iff";"cosmic bouncer"
"1";"CovertAction";"C:\Work\First Realize\amiga-whdload-game-scripts\screenshots\iGameUpdatePackTroelsDK\IFF 320x256 - Interlaced\IFF\C\CovertAction\igame.iff";"covert action"
"1";"Crack";"C:\Work\First Realize\amiga-whdload-game-scripts\screenshots\iGameUpdatePackTroelsDK\IFF 320x256 - Interlaced\IFF\C\Crack\igame.iff";"crack"
"1";"CrackDown";"C:\Work\First Realize\amiga-whdload-game-scripts\screenshots\iGameUpdatePackTroelsDK\IFF 320x256 - Interlaced\IFF\C\CrackDown\igame.iff";"crack down"
"1";"CrazyCars3";"C:\Work\First Realize\amiga-whdload-game-scripts\screenshots\iGameUpdatePackTroelsDK\IFF 320x256 - Interlaced\IFF\C\CrazyCars3\igame.iff";"crazy cars 3"
"1";"Croak";"C:\Work\First Realize\amiga-whdload-game-scripts\screenshots\iGameUpdatePackTroelsDK\IFF 320x256 - Interlaced\IFF\C\Croak\igame.iff";"croak"
"1";"Croak2";"C:\Work\First Realize\amiga-whdload-game-scripts\screenshots\iGameUpdatePackTroelsDK\IFF 320x256 - Interlaced\IFF\C\Croak2\igame.iff";"croak 2"
"1";"CrossCheck";"C:\Work\First Realize\amiga-whdload-game-scripts\screenshots\iGameUpdatePackTroelsDK\IFF 320x256 - Interlaced\IFF\C\CrossCheck\igame.iff";"cross check"
"1";"CrystalHammerV2";"C:\Work\First Realize\amiga-whdload-game-scripts\screenshots\iGameUpdatePackTroelsDK\IFF 320x256 - Interlaced\IFF\C\CrystalHammerV2\igame.iff";"crystal hammer v 2"
"1";"CrystalKingdomDizzy";"C:\Work\First Realize\amiga-whdload-game-scripts\screenshots\iGameUpdatePackTroelsDK\IFF 320x256 - Interlaced\IFF\C\CrystalKingdomDizzy\igame.iff";"crystal kingdom dizzy"
"1";"Custodian";"C:\Work\First Realize\amiga-whdload-game-scripts\screenshots\iGameUpdatePackTroelsDK\IFF 320x256 - Interlaced\IFF\C\Custodian\igame.iff";"custodian"
"1";"Cygnus8";"C:\Work\First Realize\amiga-whdload-game-scripts\screenshots\iGameUpdatePackTroelsDK\IFF 320x256 - Interlaced\IFF\C\Cygnus8\igame.iff";"cygnus 8"
"1";"Darius+";"C:\Work\First Realize\amiga-whdload-game-scripts\screenshots\iGameUpdatePackTroelsDK\IFF 320x256 - Interlaced\IFF\D\Darius+\igame.iff";"darius"
"1";"DarkCastle";"C:\Work\First Realize\amiga-whdload-game-scripts\screenshots\iGameUpdatePackTroelsDK\IFF 320x256 - Interlaced\IFF\D\DarkCastle\igame.iff";"dark castle"
"1";"DarkQueenOfKrynn";"C:\Work\First Realize\amiga-whdload-game-scripts\screenshots\iGameUpdatePackTroelsDK\IFF 320x256 - Interlaced\IFF\D\DarkQueenOfKrynn\igame.iff";"dark queen of krynn"
"1";"DarkSeed";"C:\Work\First Realize\amiga-whdload-game-scripts\screenshots\iGameUpdatePackTroelsDK\IFF 320x256 - Interlaced\IFF\D\DarkSeed\igame.iff";"dark seed"
"1";"DawnPatrol";"C:\Work\First Realize\amiga-whdload-game-scripts\screenshots\iGameUpdatePackTroelsDK\IFF 320x256 - Interlaced\IFF\D\DawnPatrol\igame.iff";"dawn patrol"
"1";"DeathBringerSpotlight";"C:\Work\First Realize\amiga-whdload-game-scripts\screenshots\iGameUpdatePackTroelsDK\IFF 320x256 - Interlaced\IFF\D\DeathBringerSpotlight\igame.iff";"death bringer spotlight"
"1";"DeathbringerTheSwordOfAbaddon";"C:\Work\First Realize\amiga-whdload-game-scripts\screenshots\iGameUpdatePackTroelsDK\IFF 320x256 - Interlaced\IFF\D\DeathbringerTheSwordOfAbaddon\igame.iff";"deathbringer the sword of abaddon"
"1";"DeathTrap";"C:\Work\First Realize\amiga-whdload-game-scripts\screenshots\iGameUpdatePackTroelsDK\IFF 320x256 - Interlaced\IFF\D\DeathTrap\igame.iff";"death trap"
"1";"DeepCore";"C:\Work\First Realize\amiga-whdload-game-scripts\screenshots\iGameUpdatePackTroelsDK\IFF 320x256 - Interlaced\IFF\D\DeepCore\igame.iff";"deep core"
"1";"DeluxePacmanAGA";"C:\Work\First Realize\amiga-whdload-game-scripts\screenshots\iGameUpdatePackTroelsDK\IFF 320x256 - Interlaced\IFF\D\DeluxePacmanAGA\igame.iff";"deluxe pacman aga"
"1";"Denjoy";"C:\Work\First Realize\amiga-whdload-game-scripts\screenshots\iGameUpdatePackTroelsDK\IFF 320x256 - Interlaced\IFF\D\Denjoy\igame.iff";"denjoy"
"1";"Dennis";"C:\Work\First Realize\amiga-whdload-game-scripts\screenshots\iGameUpdatePackTroelsDK\IFF 320x256 - Interlaced\IFF\D\Dennis\igame.iff";"dennis"
"1";"DennisAGA";"C:\Work\First Realize\amiga-whdload-game-scripts\screenshots\iGameUpdatePackTroelsDK\IFF 320x256 - Interlaced\IFF\D\DennisAGA\igame.iff";"dennis aga"
"1";"Detonator";"C:\Work\First Realize\amiga-whdload-game-scripts\screenshots\iGameUpdatePackTroelsDK\IFF 320x256 - Interlaced\IFF\D\Detonator\igame.iff";"detonator"
"1";"DickTracy";"C:\Work\First Realize\amiga-whdload-game-scripts\screenshots\iGameUpdatePackTroelsDK\IFF 320x256 - Interlaced\IFF\D\DickTracy\igame.iff";"dick tracy"
"1";"DickTracyAdventure";"C:\Work\First Realize\amiga-whdload-game-scripts\screenshots\iGameUpdatePackTroelsDK\IFF 320x256 - Interlaced\IFF\D\DickTracyAdventure\igame.iff";"dick tracy adventure"
"1";"DieHard2";"C:\Work\First Realize\amiga-whdload-game-scripts\screenshots\iGameUpdatePackTroelsDK\IFF 320x256 - Interlaced\IFF\D\DieHard2\igame.iff";"die hard 2"
"1";"Digger";"C:\Work\First Realize\amiga-whdload-game-scripts\screenshots\iGameUpdatePackTroelsDK\IFF 320x256 - Interlaced\IFF\D\Digger\igame.iff";"digger"
"1";"DizzyColDISK1";"C:\Work\First Realize\amiga-whdload-game-scripts\screenshots\iGameUpdatePackTroelsDK\IFF 320x256 - Interlaced\IFF\D\DizzyColDISK1\igame.iff";"dizzy col disk 1"
"1";"DizzysExcellentAdventures";"C:\Work\First Realize\amiga-whdload-game-scripts\screenshots\iGameUpdatePackTroelsDK\IFF 320x256 - Interlaced\IFF\D\DizzysExcellentAdventures\igame.iff";"dizzys excellent adventures"
"1";"DogsOfWar";"C:\Work\First Realize\amiga-whdload-game-scripts\screenshots\iGameUpdatePackTroelsDK\IFF 320x256 - Interlaced\IFF\D\DogsOfWar\igame.iff";"dogs of war"
"1";"DomanPl";"C:\Work\First Realize\amiga-whdload-game-scripts\screenshots\iGameUpdatePackTroelsDK\IFF 320x256 - Interlaced\IFF\D\DomanPl\igame.iff";"doman pl"
"1";"Dominium";"C:\Work\First Realize\amiga-whdload-game-scripts\screenshots\iGameUpdatePackTroelsDK\IFF 320x256 - Interlaced\IFF\D\Dominium\igame.iff";"dominium"
"1";"DoubleDragon3";"C:\Work\First Realize\amiga-whdload-game-scripts\screenshots\iGameUpdatePackTroelsDK\IFF 320x256 - Interlaced\IFF\D\DoubleDragon3\igame.iff";"double dragon 3"
"1";"DragonBreed";"C:\Work\First Realize\amiga-whdload-game-scripts\screenshots\iGameUpdatePackTroelsDK\IFF 320x256 - Interlaced\IFF\D\DragonBreed\igame.iff";"dragon breed"
"1";"DragonsBreath";"C:\Work\First Realize\amiga-whdload-game-scripts\screenshots\iGameUpdatePackTroelsDK\IFF 320x256 - Interlaced\IFF\D\DragonsBreath\igame.iff";"dragons breath"
"1";"DragonsLair2";"C:\Work\First Realize\amiga-whdload-game-scripts\screenshots\iGameUpdatePackTroelsDK\IFF 320x256 - Interlaced\IFF\D\DragonsLair2\igame.iff";"dragons lair 2"
"1";"DragonsLair3";"C:\Work\First Realize\amiga-whdload-game-scripts\screenshots\iGameUpdatePackTroelsDK\IFF 320x256 - Interlaced\IFF\D\DragonsLair3\igame.iff";"dragons lair 3"
"1";"DragonsLairEscape";"C:\Work\First Realize\amiga-whdload-game-scripts\screenshots\iGameUpdatePackTroelsDK\IFF 320x256 - Interlaced\IFF\D\DragonsLairEscape\igame.iff";"dragons lair escape"
"1";"DragonsLairEscapeFast";"C:\Work\First Realize\amiga-whdload-game-scripts\screenshots\iGameUpdatePackTroelsDK\IFF 320x256 - Interlaced\IFF\D\DragonsLairEscapeFast\igame.iff";"dragons lair escape fast"
"1";"DragonsLairEscapeSlow";"C:\Work\First Realize\amiga-whdload-game-scripts\screenshots\iGameUpdatePackTroelsDK\IFF 320x256 - Interlaced\IFF\D\DragonsLairEscapeSlow\igame.iff";"dragons lair escape slow"
"1";"DragonSpirit";"C:\Work\First Realize\amiga-whdload-game-scripts\screenshots\iGameUpdatePackTroelsDK\IFF 320x256 - Interlaced\IFF\D\DragonSpirit\igame.iff";"dragon spirit"
"1";"DragonStone";"C:\Work\First Realize\amiga-whdload-game-scripts\screenshots\iGameUpdatePackTroelsDK\IFF 320x256 - Interlaced\IFF\D\DragonStone\igame.iff";"dragon stone"
"1";"DragonTiles";"C:\Work\First Realize\amiga-whdload-game-scripts\screenshots\iGameUpdatePackTroelsDK\IFF 320x256 - Interlaced\IFF\D\DragonTiles\igame.iff";"dragon tiles"
"1";"DragonTiles2";"C:\Work\First Realize\amiga-whdload-game-scripts\screenshots\iGameUpdatePackTroelsDK\IFF 320x256 - Interlaced\IFF\D\DragonTiles2\igame.iff";"dragon tiles 2"
"1";"DragonTilesAGA";"C:\Work\First Realize\amiga-whdload-game-scripts\screenshots\iGameUpdatePackTroelsDK\IFF 320x256 - Interlaced\IFF\D\DragonTilesAGA\igame.iff";"dragon tiles aga"
"1";"DragonWars";"C:\Work\First Realize\amiga-whdload-game-scripts\screenshots\iGameUpdatePackTroelsDK\IFF 320x256 - Interlaced\IFF\D\DragonWars\igame.iff";"dragon wars"
"1";"DreamWeb";"C:\Work\First Realize\amiga-whdload-game-scripts\screenshots\iGameUpdatePackTroelsDK\IFF 320x256 - Interlaced\IFF\D\DreamWeb\igame.iff";"dream web"
"1";"DreamWebAGA";"C:\Work\First Realize\amiga-whdload-game-scripts\screenshots\iGameUpdatePackTroelsDK\IFF 320x256 - Interlaced\IFF\D\DreamWebAGA\igame.iff";"dream web aga"
"1";"DrFruit";"C:\Work\First Realize\amiga-whdload-game-scripts\screenshots\iGameUpdatePackTroelsDK\IFF 320x256 - Interlaced\IFF\D\DrFruit\igame.iff";"dr fruit"
"1";"Dugger";"C:\Work\First Realize\amiga-whdload-game-scripts\screenshots\iGameUpdatePackTroelsDK\IFF 320x256 - Interlaced\IFF\D\Dugger\igame.iff";"dugger"
"1";"DynastyWars";"C:\Work\First Realize\amiga-whdload-game-scripts\screenshots\iGameUpdatePackTroelsDK\IFF 320x256 - Interlaced\IFF\D\DynastyWars\igame.iff";"dynasty wars"
"1";"EaglesRider";"C:\Work\First Realize\amiga-whdload-game-scripts\screenshots\iGameUpdatePackTroelsDK\IFF 320x256 - Interlaced\IFF\E\EaglesRider\igame.iff";"eagles rider"
"1";"Ebonstar";"C:\Work\First Realize\amiga-whdload-game-scripts\screenshots\iGameUpdatePackTroelsDK\IFF 320x256 - Interlaced\IFF\E\Ebonstar\igame.iff";"ebonstar"
"1";"EliteAdvanced";"C:\Work\First Realize\amiga-whdload-game-scripts\screenshots\iGameUpdatePackTroelsDK\IFF 320x256 - Interlaced\IFF\E\EliteAdvanced\igame.iff";"elite advanced"
"1";"EmeraldMine";"C:\Work\First Realize\amiga-whdload-game-scripts\screenshots\iGameUpdatePackTroelsDK\IFF 320x256 - Interlaced\IFF\E\EmeraldMine\igame.iff";"emerald mine"
"1";"EmeraldMine2";"C:\Work\First Realize\amiga-whdload-game-scripts\screenshots\iGameUpdatePackTroelsDK\IFF 320x256 - Interlaced\IFF\E\EmeraldMine2\igame.iff";"emerald mine 2"
"1";"EmeraldMine3";"C:\Work\First Realize\amiga-whdload-game-scripts\screenshots\iGameUpdatePackTroelsDK\IFF 320x256 - Interlaced\IFF\E\EmeraldMine3\igame.iff";"emerald mine 3"
"1";"Enemy(EasyPlay)";"C:\Work\First Realize\amiga-whdload-game-scripts\screenshots\iGameUpdatePackTroelsDK\IFF 320x256 - Interlaced\IFF\E\Enemy(EasyPlay)\igame.iff";"enemy easy play"
"1";"Enemy2";"C:\Work\First Realize\amiga-whdload-game-scripts\screenshots\iGameUpdatePackTroelsDK\IFF 320x256 - Interlaced\IFF\E\Enemy2\igame.iff";"enemy 2"
"1";"EnemyTempestOfViolence";"C:\Work\First Realize\amiga-whdload-game-scripts\screenshots\iGameUpdatePackTroelsDK\IFF 320x256 - Interlaced\IFF\E\EnemyTempestOfViolence\igame.iff";"enemy tempest of violence"
"1";"Enforcer";"C:\Work\First Realize\amiga-whdload-game-scripts\screenshots\iGameUpdatePackTroelsDK\IFF 320x256 - Interlaced\IFF\E\Enforcer\igame.iff";"enforcer"
"1";"Epic&MissionDisk";"C:\Work\First Realize\amiga-whdload-game-scripts\screenshots\iGameUpdatePackTroelsDK\IFF 320x256 - Interlaced\IFF\E\Epic&MissionDisk\igame.iff";"epic mission disk"
"1";"ESWAT";"C:\Work\First Realize\amiga-whdload-game-scripts\screenshots\iGameUpdatePackTroelsDK\IFF 320x256 - Interlaced\IFF\E\ESWAT\igame.iff";"eswat"
"1";"F19StealthFighter";"C:\Work\First Realize\amiga-whdload-game-scripts\screenshots\iGameUpdatePackTroelsDK\IFF 320x256 - Interlaced\IFF\F\F19StealthFighter\igame.iff";"f 19 stealth fighter"
"1";"FaceOff";"C:\Work\First Realize\amiga-whdload-game-scripts\screenshots\iGameUpdatePackTroelsDK\IFF 320x256 - Interlaced\IFF\F\FaceOff\igame.iff";"face off"
"1";"FantasticDIZZY";"C:\Work\First Realize\amiga-whdload-game-scripts\screenshots\iGameUpdatePackTroelsDK\IFF 320x256 - Interlaced\IFF\F\FantasticDIZZY\igame.iff";"fantastic dizzy"
"1";"FatalMission";"C:\Work\First Realize\amiga-whdload-game-scripts\screenshots\iGameUpdatePackTroelsDK\IFF 320x256 - Interlaced\IFF\F\FatalMission\igame.iff";"fatal mission"
"1";"FateGatesOfDawn";"C:\Work\First Realize\amiga-whdload-game-scripts\screenshots\iGameUpdatePackTroelsDK\IFF 320x256 - Interlaced\IFF\F\FateGatesOfDawn\igame.iff";"fate gates of dawn"
"1";"FernandezMustDie";"C:\Work\First Realize\amiga-whdload-game-scripts\screenshots\iGameUpdatePackTroelsDK\IFF 320x256 - Interlaced\IFF\F\FernandezMustDie\igame.iff";"fernandez must die"
"1";"FiendishFreddyHD";"C:\Work\First Realize\amiga-whdload-game-scripts\screenshots\iGameUpdatePackTroelsDK\IFF 320x256 - Interlaced\IFF\F\FiendishFreddyHD\igame.iff";"fiendish freddy hd"
"1";"FiendishFreddysBigTopOFun";"C:\Work\First Realize\amiga-whdload-game-scripts\screenshots\iGameUpdatePackTroelsDK\IFF 320x256 - Interlaced\IFF\F\FiendishFreddysBigTopOFun\igame.iff";"fiendish freddys big top ofun"
"1";"Fire&Forget2";"C:\Work\First Realize\amiga-whdload-game-scripts\screenshots\iGameUpdatePackTroelsDK\IFF 320x256 - Interlaced\IFF\F\Fire&Forget2\igame.iff";"fire forget 2"
"1";"Fire&Ice";"C:\Work\First Realize\amiga-whdload-game-scripts\screenshots\iGameUpdatePackTroelsDK\IFF 320x256 - Interlaced\IFF\F\Fire&Ice\igame.iff";"fire ice"
"1";"Fire&IceXmasDemo";"C:\Work\First Realize\amiga-whdload-game-scripts\screenshots\iGameUpdatePackTroelsDK\IFF 320x256 - Interlaced\IFF\F\Fire&IceXmasDemo\igame.iff";"fire ice xmas demo"
"1";"FireAndBrimstone";"C:\Work\First Realize\amiga-whdload-game-scripts\screenshots\iGameUpdatePackTroelsDK\IFF 320x256 - Interlaced\IFF\F\FireAndBrimstone\igame.iff";"fire and brimstone"
"1";"FireBlaster";"C:\Work\First Realize\amiga-whdload-game-scripts\screenshots\iGameUpdatePackTroelsDK\IFF 320x256 - Interlaced\IFF\F\FireBlaster\igame.iff";"fire blaster"
"1";"FireForce";"C:\Work\First Realize\amiga-whdload-game-scripts\screenshots\iGameUpdatePackTroelsDK\IFF 320x256 - Interlaced\IFF\F\FireForce\igame.iff";"fire force"
"1";"FiveASideSoccer";"C:\Work\First Realize\amiga-whdload-game-scripts\screenshots\iGameUpdatePackTroelsDK\IFF 320x256 - Interlaced\IFF\F\FiveASideSoccer\igame.iff";"five aside soccer"
"1";"Flipit&Magnose";"C:\Work\First Realize\amiga-whdload-game-scripts\screenshots\iGameUpdatePackTroelsDK\IFF 320x256 - Interlaced\IFF\F\Flipit&Magnose\igame.iff";"flipit magnose"
"1";"Floor13";"C:\Work\First Realize\amiga-whdload-game-scripts\screenshots\iGameUpdatePackTroelsDK\IFF 320x256 - Interlaced\IFF\F\Floor13\igame.iff";"floor 13"
"1";"FootballGloryAGA";"C:\Work\First Realize\amiga-whdload-game-scripts\screenshots\iGameUpdatePackTroelsDK\IFF 320x256 - Interlaced\IFF\F\FootballGloryAGA\igame.iff";"football glory aga"
"1";"ForgottenWorlds";"C:\Work\First Realize\amiga-whdload-game-scripts\screenshots\iGameUpdatePackTroelsDK\IFF 320x256 - Interlaced\IFF\F\ForgottenWorlds\igame.iff";"forgotten worlds"
"1";"FrightNight";"C:\Work\First Realize\amiga-whdload-game-scripts\screenshots\iGameUpdatePackTroelsDK\IFF 320x256 - Interlaced\IFF\F\FrightNight\igame.iff";"fright night"
"1";"FrostByte";"C:\Work\First Realize\amiga-whdload-game-scripts\screenshots\iGameUpdatePackTroelsDK\IFF 320x256 - Interlaced\IFF\F\FrostByte\igame.iff";"frost byte"
"1";"FutureClassicsCollection";"C:\Work\First Realize\amiga-whdload-game-scripts\screenshots\iGameUpdatePackTroelsDK\IFF 320x256 - Interlaced\IFF\F\FutureClassicsCollection\igame.iff";"future classics collection"
"1";"FutureShock";"C:\Work\First Realize\amiga-whdload-game-scripts\screenshots\iGameUpdatePackTroelsDK\IFF 320x256 - Interlaced\IFF\F\FutureShock\igame.iff";"future shock"
"1";"FutureTank";"C:\Work\First Realize\amiga-whdload-game-scripts\screenshots\iGameUpdatePackTroelsDK\IFF 320x256 - Interlaced\IFF\F\FutureTank\igame.iff";"future tank"
"1";"FuzzBall";"C:\Work\First Realize\amiga-whdload-game-scripts\screenshots\iGameUpdatePackTroelsDK\IFF 320x256 - Interlaced\IFF\F\FuzzBall\igame.iff";"fuzz ball"
"1";"GalacticWarriorRats";"C:\Work\First Realize\amiga-whdload-game-scripts\screenshots\iGameUpdatePackTroelsDK\IFF 320x256 - Interlaced\IFF\G\GalacticWarriorRats\igame.iff";"galactic warrior rats"
"1";"Galaxy89";"C:\Work\First Realize\amiga-whdload-game-scripts\screenshots\iGameUpdatePackTroelsDK\IFF 320x256 - Interlaced\IFF\G\Galaxy89\igame.iff";"galaxy 89"
"1";"GhostsNGoblins";"C:\Work\First Realize\amiga-whdload-game-scripts\screenshots\iGameUpdatePackTroelsDK\IFF 320x256 - Interlaced\IFF\G\GhostsNGoblins\iGame.iff";"ghosts ngoblins"
"1";"Giganoid";"C:\Work\First Realize\amiga-whdload-game-scripts\screenshots\iGameUpdatePackTroelsDK\IFF 320x256 - Interlaced\IFF\G\Giganoid\igame.iff";"giganoid"
"1";"Gladiators";"C:\Work\First Realize\amiga-whdload-game-scripts\screenshots\iGameUpdatePackTroelsDK\IFF 320x256 - Interlaced\IFF\G\Gladiators\igame.iff";"gladiators"
"1";"GlobalGladiators";"C:\Work\First Realize\amiga-whdload-game-scripts\screenshots\iGameUpdatePackTroelsDK\IFF 320x256 - Interlaced\IFF\G\GlobalGladiators\igame.iff";"global gladiators"
"1";"Globulus";"C:\Work\First Realize\amiga-whdload-game-scripts\screenshots\iGameUpdatePackTroelsDK\IFF 320x256 - Interlaced\IFF\G\Globulus\igame.iff";"globulus"
"1";"GloomAGA";"C:\Work\First Realize\amiga-whdload-game-scripts\screenshots\iGameUpdatePackTroelsDK\IFF 320x256 - Interlaced\IFF\G\GloomAGA\igame.iff";"gloom aga"
"1";"GOAL";"C:\Work\First Realize\amiga-whdload-game-scripts\screenshots\iGameUpdatePackTroelsDK\IFF 320x256 - Interlaced\IFF\G\GOAL\igame.iff";"goal"
"1";"Goblins3";"C:\Work\First Realize\amiga-whdload-game-scripts\screenshots\iGameUpdatePackTroelsDK\IFF 320x256 - Interlaced\IFF\G\Goblins3\Igame.iff";"goblins 3"
"1";"GrandPrixMaster";"C:\Work\First Realize\amiga-whdload-game-scripts\screenshots\iGameUpdatePackTroelsDK\IFF 320x256 - Interlaced\IFF\G\GrandPrixMaster\igame.iff";"grand prix master"
"1";"GravityForce";"C:\Work\First Realize\amiga-whdload-game-scripts\screenshots\iGameUpdatePackTroelsDK\IFF 320x256 - Interlaced\IFF\G\GravityForce\igame.iff";"gravity force"
"1";"GreatCourts2";"C:\Work\First Realize\amiga-whdload-game-scripts\screenshots\iGameUpdatePackTroelsDK\IFF 320x256 - Interlaced\IFF\G\GreatCourts2\igame.iff";"great courts 2"
"1";"Gremlins2";"C:\Work\First Realize\amiga-whdload-game-scripts\screenshots\iGameUpdatePackTroelsDK\IFF 320x256 - Interlaced\IFF\G\Gremlins2\igame.iff";"gremlins 2"
"1";"HagarTheHorrible";"C:\Work\First Realize\amiga-whdload-game-scripts\screenshots\iGameUpdatePackTroelsDK\IFF 320x256 - Interlaced\IFF\H\HagarTheHorrible\igame.iff";"hagar the horrible"
"1";"HardNHeavy";"C:\Work\First Realize\amiga-whdload-game-scripts\screenshots\iGameUpdatePackTroelsDK\IFF 320x256 - Interlaced\IFF\H\HardNHeavy\igame.iff";"hard nheavy"
"1";"Harlequin1MB";"C:\Work\First Realize\amiga-whdload-game-scripts\screenshots\iGameUpdatePackTroelsDK\IFF 320x256 - Interlaced\IFF\H\Harlequin1MB\igame.iff";"harlequin 1 mb"
"1";"HighSeasTraderAGA";"C:\Work\First Realize\amiga-whdload-game-scripts\screenshots\iGameUpdatePackTroelsDK\IFF 320x256 - Interlaced\IFF\H\HighSeasTraderAGA\igame.iff";"high seas trader aga"
"1";"Hillsfar";"C:\Work\First Realize\amiga-whdload-game-scripts\screenshots\iGameUpdatePackTroelsDK\IFF 320x256 - Interlaced\IFF\H\Hillsfar\igame.iff";"hillsfar"
"1";"HoleInOne&DataDisks";"C:\Work\First Realize\amiga-whdload-game-scripts\screenshots\iGameUpdatePackTroelsDK\IFF 320x256 - Interlaced\IFF\H\HoleInOne&DataDisks\igame.iff";"hole in one data disks"
"1";"HoleInOne";"C:\Work\First Realize\amiga-whdload-game-scripts\screenshots\iGameUpdatePackTroelsDK\IFF 320x256 - Interlaced\IFF\H\HoleInOne\igame.iff";"hole in one"
"1";"HotRod";"C:\Work\First Realize\amiga-whdload-game-scripts\screenshots\iGameUpdatePackTroelsDK\IFF 320x256 - Interlaced\IFF\H\HotRod\igame.iff";"hot rod"
"1";"HugoInAMine";"C:\Work\First Realize\amiga-whdload-game-scripts\screenshots\iGameUpdatePackTroelsDK\IFF 320x256 - Interlaced\IFF\H\HugoInAMine\igame.iff";"hugo in amine"
"1";"HumanRaceTheJurassicLevels";"C:\Work\First Realize\amiga-whdload-game-scripts\screenshots\iGameUpdatePackTroelsDK\IFF 320x256 - Interlaced\IFF\H\HumanRaceTheJurassicLevels\igame.iff";"human race the jurassic levels"
"1";"Humans2";"C:\Work\First Realize\amiga-whdload-game-scripts\screenshots\iGameUpdatePackTroelsDK\IFF 320x256 - Interlaced\IFF\H\Humans2\igame.iff";"humans 2"
"1";"Impact";"C:\Work\First Realize\amiga-whdload-game-scripts\screenshots\iGameUpdatePackTroelsDK\IFF 320x256 - Interlaced\IFF\I\Impact\igame.iff";"impact"
"1";"Imperium";"C:\Work\First Realize\amiga-whdload-game-scripts\screenshots\iGameUpdatePackTroelsDK\IFF 320x256 - Interlaced\IFF\I\Imperium\igame.iff";"imperium"
"1";"Impossamole";"C:\Work\First Realize\amiga-whdload-game-scripts\screenshots\iGameUpdatePackTroelsDK\IFF 320x256 - Interlaced\IFF\I\Impossamole\igame.iff";"impossamole"
"1";"IndianaJonesLastCrusAdv";"C:\Work\First Realize\amiga-whdload-game-scripts\screenshots\iGameUpdatePackTroelsDK\IFF 320x256 - Interlaced\IFF\I\IndianaJonesLastCrusAdv\igame.iff";"indiana jones last crus adv"
"1";"IndigoFiles";"C:\Work\First Realize\amiga-whdload-game-scripts\screenshots\iGameUpdatePackTroelsDK\IFF 320x256 - Interlaced\IFF\I\IndigoFiles\igame.iff";"indigo files"
"1";"IndigoImage";"C:\Work\First Realize\amiga-whdload-game-scripts\screenshots\iGameUpdatePackTroelsDK\IFF 320x256 - Interlaced\IFF\I\IndigoImage\igame.iff";"indigo image"
"1";"IndyHeat";"C:\Work\First Realize\amiga-whdload-game-scripts\screenshots\iGameUpdatePackTroelsDK\IFF 320x256 - Interlaced\IFF\I\IndyHeat\igame.iff";"indy heat"
"1";"InsectsInSpace";"C:\Work\First Realize\amiga-whdload-game-scripts\screenshots\iGameUpdatePackTroelsDK\IFF 320x256 - Interlaced\IFF\I\InsectsInSpace\igame.iff";"insects in space"
"1";"InternationalKarate+";"C:\Work\First Realize\amiga-whdload-game-scripts\screenshots\iGameUpdatePackTroelsDK\IFF 320x256 - Interlaced\IFF\I\InternationalKarate+\igame.iff";"international karate"
"1";"InternationalTennis";"C:\Work\First Realize\amiga-whdload-game-scripts\screenshots\iGameUpdatePackTroelsDK\IFF 320x256 - Interlaced\IFF\I\InternationalTennis\igame.iff";"international tennis"
"1";"IntoTheEaglesNest";"C:\Work\First Realize\amiga-whdload-game-scripts\screenshots\iGameUpdatePackTroelsDK\IFF 320x256 - Interlaced\IFF\I\IntoTheEaglesNest\igame.iff";"into the eagles nest"
"1";"Invasion";"C:\Work\First Realize\amiga-whdload-game-scripts\screenshots\iGameUpdatePackTroelsDK\IFF 320x256 - Interlaced\IFF\I\Invasion\igame.iff";"invasion"
"1";"IslandOfLostHope";"C:\Work\First Realize\amiga-whdload-game-scripts\screenshots\iGameUpdatePackTroelsDK\IFF 320x256 - Interlaced\IFF\I\IslandOfLostHope\igame.iff";"island of lost hope"
"1";"ISS";"C:\Work\First Realize\amiga-whdload-game-scripts\screenshots\iGameUpdatePackTroelsDK\IFF 320x256 - Interlaced\IFF\I\ISS\igame.iff";"iss"
"1";"Joe&MacCavemanNinja";"C:\Work\First Realize\amiga-whdload-game-scripts\screenshots\iGameUpdatePackTroelsDK\IFF 320x256 - Interlaced\IFF\J\Joe&MacCavemanNinja\igame.iff";"joe mac caveman ninja"
"1";"Jump N Roll";"C:\Work\First Realize\amiga-whdload-game-scripts\screenshots\iGameUpdatePackTroelsDK\IFF 320x256 - Interlaced\IFF\J\Jump N Roll\igame.iff";"jump n roll"
"1";"JumpNRoll";"C:\Work\First Realize\amiga-whdload-game-scripts\screenshots\iGameUpdatePackTroelsDK\IFF 320x256 - Interlaced\IFF\J\JumpNRoll\igame.iff";"jump nroll"
"1";"JupitersMasterdrive";"C:\Work\First Realize\amiga-whdload-game-scripts\screenshots\iGameUpdatePackTroelsDK\IFF 320x256 - Interlaced\IFF\J\JupitersMasterdrive\igame.iff";"jupiters masterdrive"
"1";"JurassicPark";"C:\Work\First Realize\amiga-whdload-game-scripts\screenshots\iGameUpdatePackTroelsDK\IFF 320x256 - Interlaced\IFF\J\JurassicPark\igame.iff";"jurassic park"
"1";"JurassicParkAGA";"C:\Work\First Realize\amiga-whdload-game-scripts\screenshots\iGameUpdatePackTroelsDK\IFF 320x256 - Interlaced\IFF\J\JurassicParkAGA\igame.iff";"jurassic park aga"
"1";"KGB";"C:\Work\First Realize\amiga-whdload-game-scripts\screenshots\iGameUpdatePackTroelsDK\IFF 320x256 - Interlaced\IFF\K\KGB\igame.iff";"kgb"
"1";"KickOff";"C:\Work\First Realize\amiga-whdload-game-scripts\screenshots\iGameUpdatePackTroelsDK\IFF 320x256 - Interlaced\IFF\K\KickOff\igame.iff";"kick off"
"1";"KickOff2";"C:\Work\First Realize\amiga-whdload-game-scripts\screenshots\iGameUpdatePackTroelsDK\IFF 320x256 - Interlaced\IFF\K\KickOff2\igame.iff";"kick off 2"
"1";"KickOff2FinalWhistle";"C:\Work\First Realize\amiga-whdload-game-scripts\screenshots\iGameUpdatePackTroelsDK\IFF 320x256 - Interlaced\IFF\K\KickOff2FinalWhistle\igame.iff";"kick off 2 final whistle"
"1";"KickOff2ReturnToEurope";"C:\Work\First Realize\amiga-whdload-game-scripts\screenshots\iGameUpdatePackTroelsDK\IFF 320x256 - Interlaced\IFF\K\KickOff2ReturnToEurope\igame.iff";"kick off 2 return to europe"
"1";"KickOff3";"C:\Work\First Realize\amiga-whdload-game-scripts\screenshots\iGameUpdatePackTroelsDK\IFF 320x256 - Interlaced\IFF\K\KickOff3\igame.iff";"kick off 3"
"1";"KickOff96";"C:\Work\First Realize\amiga-whdload-game-scripts\screenshots\iGameUpdatePackTroelsDK\IFF 320x256 - Interlaced\IFF\K\KickOff96\igame.iff";"kick off 96"
"1";"KidGlovesII";"C:\Work\First Realize\amiga-whdload-game-scripts\screenshots\iGameUpdatePackTroelsDK\IFF 320x256 - Interlaced\IFF\K\KidGlovesII\igame.iff";"kid gloves ii"
"1";"KillingGameshow";"C:\Work\First Realize\amiga-whdload-game-scripts\screenshots\iGameUpdatePackTroelsDK\IFF 320x256 - Interlaced\IFF\K\KillingGameshow\igame.iff";"killing gameshow"
"1";"KingOfChicago";"C:\Work\First Realize\amiga-whdload-game-scripts\screenshots\iGameUpdatePackTroelsDK\IFF 320x256 - Interlaced\IFF\K\KingOfChicago\igame.iff";"king of chicago"
"1";"Kingpin";"C:\Work\First Realize\amiga-whdload-game-scripts\screenshots\iGameUpdatePackTroelsDK\IFF 320x256 - Interlaced\IFF\K\Kingpin\igame.iff";"kingpin"
"1";"Kingpin1Mb";"C:\Work\First Realize\amiga-whdload-game-scripts\screenshots\iGameUpdatePackTroelsDK\IFF 320x256 - Interlaced\IFF\K\Kingpin1Mb\igame.iff";"kingpin 1 mb"
"1";"KingPinDemo";"C:\Work\First Realize\amiga-whdload-game-scripts\screenshots\iGameUpdatePackTroelsDK\IFF 320x256 - Interlaced\IFF\K\KingPinDemo\igame.iff";"king pin demo"
"1";"KingsQuest6";"C:\Work\First Realize\amiga-whdload-game-scripts\screenshots\iGameUpdatePackTroelsDK\IFF 320x256 - Interlaced\IFF\K\KingsQuest6\igame.iff";"kings quest 6"
"1";"KnightsOfTheSky";"C:\Work\First Realize\amiga-whdload-game-scripts\screenshots\iGameUpdatePackTroelsDK\IFF 320x256 - Interlaced\IFF\K\KnightsOfTheSky\igame.iff";"knights of the sky"
"1";"KwikSnax";"C:\Work\First Realize\amiga-whdload-game-scripts\screenshots\iGameUpdatePackTroelsDK\IFF 320x256 - Interlaced\IFF\K\KwikSnax\igame.iff";"kwik snax"
"1";"LabyrinthDk";"C:\Work\First Realize\amiga-whdload-game-scripts\screenshots\iGameUpdatePackTroelsDK\IFF 320x256 - Interlaced\IFF\L\LabyrinthDk\igame.iff";"labyrinth dk"
"1";"LamborghiniAmericanChllng";"C:\Work\First Realize\amiga-whdload-game-scripts\screenshots\iGameUpdatePackTroelsDK\IFF 320x256 - Interlaced\IFF\L\LamborghiniAmericanChllng\igame.iff";"lamborghini american chllng"
"1";"LastNinja2";"C:\Work\First Realize\amiga-whdload-game-scripts\screenshots\iGameUpdatePackTroelsDK\IFF 320x256 - Interlaced\IFF\L\LastNinja2\igame.iff";"last ninja 2"
"1";"LastNinja3";"C:\Work\First Realize\amiga-whdload-game-scripts\screenshots\iGameUpdatePackTroelsDK\IFF 320x256 - Interlaced\IFF\L\LastNinja3\igame.iff";"last ninja 3"
"1";"Leatherneck";"C:\Work\First Realize\amiga-whdload-game-scripts\screenshots\iGameUpdatePackTroelsDK\IFF 320x256 - Interlaced\IFF\L\Leatherneck\igame.iff";"leatherneck"
"1";"Lemmings1Disk";"C:\Work\First Realize\amiga-whdload-game-scripts\screenshots\iGameUpdatePackTroelsDK\IFF 320x256 - Interlaced\IFF\L\Lemmings1Disk\igame.iff";"lemmings 1disk"
"1";"Lemmings21MB";"C:\Work\First Realize\amiga-whdload-game-scripts\screenshots\iGameUpdatePackTroelsDK\IFF 320x256 - Interlaced\IFF\L\Lemmings21MB\igame.iff";"lemmings 21 mb"
"1";"Lemmings2512KB";"C:\Work\First Realize\amiga-whdload-game-scripts\screenshots\iGameUpdatePackTroelsDK\IFF 320x256 - Interlaced\IFF\L\Lemmings2512KB\igame.iff";"lemmings 2512 kb"
"1";"LemmingsAltFiles";"C:\Work\First Realize\amiga-whdload-game-scripts\screenshots\iGameUpdatePackTroelsDK\IFF 320x256 - Interlaced\IFF\L\LemmingsAltFiles\igame.iff";"lemmings alt files"
"1";"LemmingsAltImage";"C:\Work\First Realize\amiga-whdload-game-scripts\screenshots\iGameUpdatePackTroelsDK\IFF 320x256 - Interlaced\IFF\L\LemmingsAltImage\igame.iff";"lemmings alt image"
"1";"LemmingsFiles";"C:\Work\First Realize\amiga-whdload-game-scripts\screenshots\iGameUpdatePackTroelsDK\IFF 320x256 - Interlaced\IFF\L\LemmingsFiles\igame.iff";"lemmings files"
"1";"LemmingsHoliday1993";"C:\Work\First Realize\amiga-whdload-game-scripts\screenshots\iGameUpdatePackTroelsDK\IFF 320x256 - Interlaced\IFF\L\LemmingsHoliday1993\igame.iff";"lemmings holiday 1993"
"1";"LemmingsHoliday1994";"C:\Work\First Realize\amiga-whdload-game-scripts\screenshots\iGameUpdatePackTroelsDK\IFF 320x256 - Interlaced\IFF\L\LemmingsHoliday1994\igame.iff";"lemmings holiday 1994"
"1";"LemmingsImage";"C:\Work\First Realize\amiga-whdload-game-scripts\screenshots\iGameUpdatePackTroelsDK\IFF 320x256 - Interlaced\IFF\L\LemmingsImage\igame.iff";"lemmings image"
"1";"LemmingsNewYear";"C:\Work\First Realize\amiga-whdload-game-scripts\screenshots\iGameUpdatePackTroelsDK\IFF 320x256 - Interlaced\IFF\L\LemmingsNewYear\igame.iff";"lemmings new year"
"1";"LeonardoDOS";"C:\Work\First Realize\amiga-whdload-game-scripts\screenshots\iGameUpdatePackTroelsDK\IFF 320x256 - Interlaced\IFF\L\LeonardoDOS\igame.iff";"leonardo dos"
"1";"LeonardoHighDensity";"C:\Work\First Realize\amiga-whdload-game-scripts\screenshots\iGameUpdatePackTroelsDK\IFF 320x256 - Interlaced\IFF\L\LeonardoHighDensity\igame.iff";"leonardo high density"
"1";"LethalZone";"C:\Work\First Realize\amiga-whdload-game-scripts\screenshots\iGameUpdatePackTroelsDK\IFF 320x256 - Interlaced\IFF\L\LethalZone\igame.iff";"lethal zone"
"1";"LionKingAGA";"C:\Work\First Realize\amiga-whdload-game-scripts\screenshots\iGameUpdatePackTroelsDK\IFF 320x256 - Interlaced\IFF\L\LionKingAGA\igame.iff";"lion king aga"
"1";"LiquidKidsFiles";"C:\Work\First Realize\amiga-whdload-game-scripts\screenshots\iGameUpdatePackTroelsDK\IFF 320x256 - Interlaced\IFF\L\LiquidKidsFiles\igame.iff";"liquid kids files"
"1";"LiquidKidsImage";"C:\Work\First Realize\amiga-whdload-game-scripts\screenshots\iGameUpdatePackTroelsDK\IFF 320x256 - Interlaced\IFF\L\LiquidKidsImage\igame.iff";"liquid kids image"
"1";"LittlePuffInDragonland";"C:\Work\First Realize\amiga-whdload-game-scripts\screenshots\iGameUpdatePackTroelsDK\IFF 320x256 - Interlaced\IFF\L\LittlePuffInDragonland\igame.iff";"little puff in dragonland"
"1";"Locomotion";"C:\Work\First Realize\amiga-whdload-game-scripts\screenshots\iGameUpdatePackTroelsDK\IFF 320x256 - Interlaced\IFF\L\Locomotion\igame.iff";"locomotion"
"1";"Lollypop";"C:\Work\First Realize\amiga-whdload-game-scripts\screenshots\iGameUpdatePackTroelsDK\IFF 320x256 - Interlaced\IFF\L\Lollypop\igame.iff";"lollypop"
"1";"LordsOfDoom";"C:\Work\First Realize\amiga-whdload-game-scripts\screenshots\iGameUpdatePackTroelsDK\IFF 320x256 - Interlaced\IFF\L\LordsOfDoom\igame.iff";"lords of doom"
"1";"LostInMine";"C:\Work\First Realize\amiga-whdload-game-scripts\screenshots\iGameUpdatePackTroelsDK\IFF 320x256 - Interlaced\IFF\L\LostInMine\igame.iff";"lost in mine"
"1";"Luxor";"C:\Work\First Realize\amiga-whdload-game-scripts\screenshots\iGameUpdatePackTroelsDK\IFF 320x256 - Interlaced\IFF\L\Luxor\igame.iff";"luxor"
"1";"MagicJohnsonsBasketball";"C:\Work\First Realize\amiga-whdload-game-scripts\screenshots\iGameUpdatePackTroelsDK\IFF 320x256 - Interlaced\IFF\M\MagicJohnsonsBasketball\igame.iff";"magic johnsons basketball"
"1";"MasterBLASTER";"C:\Work\First Realize\amiga-whdload-game-scripts\screenshots\iGameUpdatePackTroelsDK\IFF 320x256 - Interlaced\IFF\M\MasterBLASTER\igame.iff";"master blaster"
"1";"MaupitiIsland";"C:\Work\First Realize\amiga-whdload-game-scripts\screenshots\iGameUpdatePackTroelsDK\IFF 320x256 - Interlaced\IFF\M\MaupitiIsland\igame.iff";"maupiti island"
"1";"MaxRally";"C:\Work\First Realize\amiga-whdload-game-scripts\screenshots\iGameUpdatePackTroelsDK\IFF 320x256 - Interlaced\IFF\M\MaxRally\igame.iff";"max rally"
"1";"McDonaldLand";"C:\Work\First Realize\amiga-whdload-game-scripts\screenshots\iGameUpdatePackTroelsDK\IFF 320x256 - Interlaced\IFF\M\McDonaldLand\igame.iff";"mc donald land"
"1";"MegaBall";"C:\Work\First Realize\amiga-whdload-game-scripts\screenshots\iGameUpdatePackTroelsDK\IFF 320x256 - Interlaced\IFF\M\MegaBall\igame.iff";"mega ball"
"1";"MegaLoMania";"C:\Work\First Realize\amiga-whdload-game-scripts\screenshots\iGameUpdatePackTroelsDK\IFF 320x256 - Interlaced\IFF\M\MegaLoMania\igame.iff";"mega lo mania"
"1";"MegaTyphoon";"C:\Work\First Realize\amiga-whdload-game-scripts\screenshots\iGameUpdatePackTroelsDK\IFF 320x256 - Interlaced\IFF\M\MegaTyphoon\igame.iff";"mega typhoon"
"1";"MentalImage1";"C:\Work\First Realize\amiga-whdload-game-scripts\screenshots\iGameUpdatePackTroelsDK\IFF 320x256 - Interlaced\IFF\M\MentalImage1\igame.iff";"mental image 1"
"1";"MentalImage2";"C:\Work\First Realize\amiga-whdload-game-scripts\screenshots\iGameUpdatePackTroelsDK\IFF 320x256 - Interlaced\IFF\M\MentalImage2\igame.iff";"mental image 2"
"1";"MicroMachines";"C:\Work\First Realize\amiga-whdload-game-scripts\screenshots\iGameUpdatePackTroelsDK\IFF 320x256 - Interlaced\IFF\M\MicroMachines\igame.iff";"micro machines"
"1";"MidnightResistance";"C:\Work\First Realize\amiga-whdload-game-scripts\screenshots\iGameUpdatePackTroelsDK\IFF 320x256 - Interlaced\IFF\M\MidnightResistance\igame.iff";"midnight resistance"
"1";"MiniGolf";"C:\Work\First Realize\amiga-whdload-game-scripts\screenshots\iGameUpdatePackTroelsDK\IFF 320x256 - Interlaced\IFF\M\MiniGolf\igame.iff";"mini golf"
"1";"MonstersOfTerror";"C:\Work\First Realize\amiga-whdload-game-scripts\screenshots\iGameUpdatePackTroelsDK\IFF 320x256 - Interlaced\IFF\M\MonstersOfTerror\igame.iff";"monsters of terror"
"1";"MontyPython";"C:\Work\First Realize\amiga-whdload-game-scripts\screenshots\iGameUpdatePackTroelsDK\IFF 320x256 - Interlaced\IFF\M\MontyPython\igame.iff";"monty python"
"1";"Moochies";"C:\Work\First Realize\amiga-whdload-game-scripts\screenshots\iGameUpdatePackTroelsDK\IFF 320x256 - Interlaced\IFF\M\Moochies\igame.iff";"moochies"
"1";"MortonStrikesBack";"C:\Work\First Realize\amiga-whdload-game-scripts\screenshots\iGameUpdatePackTroelsDK\IFF 320x256 - Interlaced\IFF\M\MortonStrikesBack\igame.iff";"morton strikes back"
"1";"Motorhead";"C:\Work\First Realize\amiga-whdload-game-scripts\screenshots\iGameUpdatePackTroelsDK\IFF 320x256 - Interlaced\IFF\M\Motorhead\igame.iff";"motorhead"
"1";"MPythonsFlyingCircus";"C:\Work\First Realize\amiga-whdload-game-scripts\screenshots\iGameUpdatePackTroelsDK\IFF 320x256 - Interlaced\IFF\M\MPythonsFlyingCircus\igame.iff";"mpythons flying circus"
"1";"MrMenOlympics";"C:\Work\First Realize\amiga-whdload-game-scripts\screenshots\iGameUpdatePackTroelsDK\IFF 320x256 - Interlaced\IFF\M\MrMenOlympics\igame.iff";"mr men olympics"
"1";"MrNutz";"C:\Work\First Realize\amiga-whdload-game-scripts\screenshots\iGameUpdatePackTroelsDK\IFF 320x256 - Interlaced\IFF\M\MrNutz\igame.iff";"mr nutz"
"1";"Neuronics";"C:\Work\First Realize\amiga-whdload-game-scripts\screenshots\iGameUpdatePackTroelsDK\IFF 320x256 - Interlaced\IFF\N\Neuronics\igame.iff";"neuronics"
"1";"NeverendingStory2";"C:\Work\First Realize\amiga-whdload-game-scripts\screenshots\iGameUpdatePackTroelsDK\IFF 320x256 - Interlaced\IFF\N\NeverendingStory2\igame.iff";"neverending story 2"
"1";"NewYearLemmings199192";"C:\Work\First Realize\amiga-whdload-game-scripts\screenshots\iGameUpdatePackTroelsDK\IFF 320x256 - Interlaced\IFF\N\NewYearLemmings199192\igame.iff";"new year lemmings 199192"
"1";"NewYorkWarriors";"C:\Work\First Realize\amiga-whdload-game-scripts\screenshots\iGameUpdatePackTroelsDK\IFF 320x256 - Interlaced\IFF\N\NewYorkWarriors\igame.iff";"new york warriors"
"1";"Nicky2";"C:\Work\First Realize\amiga-whdload-game-scripts\screenshots\iGameUpdatePackTroelsDK\IFF 320x256 - Interlaced\IFF\N\Nicky2\igame.iff";"nicky 2"
"1";"Nitro";"C:\Work\First Realize\amiga-whdload-game-scripts\screenshots\iGameUpdatePackTroelsDK\IFF 320x256 - Interlaced\IFF\N\Nitro\igame.iff";"nitro"
"1";"North&South";"C:\Work\First Realize\amiga-whdload-game-scripts\screenshots\iGameUpdatePackTroelsDK\IFF 320x256 - Interlaced\IFF\N\North&South\igame.iff";"north south"
"1";"NorthAndSouth";"C:\Work\First Realize\amiga-whdload-game-scripts\screenshots\iGameUpdatePackTroelsDK\IFF 320x256 - Interlaced\IFF\N\NorthAndSouth\igame.iff";"north and south"
"1";"NorthAndSouthFiles";"C:\Work\First Realize\amiga-whdload-game-scripts\screenshots\iGameUpdatePackTroelsDK\IFF 320x256 - Interlaced\IFF\N\NorthAndSouthFiles\igame.iff";"north and south files"
"1";"NorthAndSouthFilesNTSC";"C:\Work\First Realize\amiga-whdload-game-scripts\screenshots\iGameUpdatePackTroelsDK\IFF 320x256 - Interlaced\IFF\N\NorthAndSouthFilesNTSC\igame.iff";"north and south files ntsc"
"1";"NorthAndSouthImage";"C:\Work\First Realize\amiga-whdload-game-scripts\screenshots\iGameUpdatePackTroelsDK\IFF 320x256 - Interlaced\IFF\N\NorthAndSouthImage\igame.iff";"north and south image"
"1";"NorthAndSouthImageNTSC";"C:\Work\First Realize\amiga-whdload-game-scripts\screenshots\iGameUpdatePackTroelsDK\IFF 320x256 - Interlaced\IFF\N\NorthAndSouthImageNTSC\igame.iff";"north and south image ntsc"
"1";"NuxeliaDemo";"C:\Work\First Realize\amiga-whdload-game-scripts\screenshots\iGameUpdatePackTroelsDK\IFF 320x256 - Interlaced\IFF\N\NuxeliaDemo\igame.iff";"nuxelia demo"
"1";"Oblivion";"C:\Work\First Realize\amiga-whdload-game-scripts\screenshots\iGameUpdatePackTroelsDK\IFF 320x256 - Interlaced\IFF\O\Oblivion\igame.iff";"oblivion"
"1";"Obsession";"C:\Work\First Realize\amiga-whdload-game-scripts\screenshots\iGameUpdatePackTroelsDK\IFF 320x256 - Interlaced\IFF\O\Obsession\igame.iff";"obsession"
"1";"Odyssey";"C:\Work\First Realize\amiga-whdload-game-scripts\screenshots\iGameUpdatePackTroelsDK\IFF 320x256 - Interlaced\IFF\O\Odyssey\igame.iff";"odyssey"
"1";"OgAGA";"C:\Work\First Realize\amiga-whdload-game-scripts\screenshots\iGameUpdatePackTroelsDK\IFF 320x256 - Interlaced\IFF\O\OgAGA\igame.iff";"og aga"
"1";"OilImperium";"C:\Work\First Realize\amiga-whdload-game-scripts\screenshots\iGameUpdatePackTroelsDK\IFF 320x256 - Interlaced\IFF\O\OilImperium\igame.iff";"oil imperium"
"1";"OneStepBeyond";"C:\Work\First Realize\amiga-whdload-game-scripts\screenshots\iGameUpdatePackTroelsDK\IFF 320x256 - Interlaced\IFF\O\OneStepBeyond\igame.iff";"one step beyond"
"1";"OoopsUp";"C:\Work\First Realize\amiga-whdload-game-scripts\screenshots\iGameUpdatePackTroelsDK\IFF 320x256 - Interlaced\IFF\O\OoopsUp\igame.iff";"ooops up"
"1";"OperationFirestorm";"C:\Work\First Realize\amiga-whdload-game-scripts\screenshots\iGameUpdatePackTroelsDK\IFF 320x256 - Interlaced\IFF\O\OperationFirestorm\igame.iff";"operation firestorm"
"1";"OsWALDOfTheIceFloes";"C:\Work\First Realize\amiga-whdload-game-scripts\screenshots\iGameUpdatePackTroelsDK\IFF 320x256 - Interlaced\IFF\O\OsWALDOfTheIceFloes\igame.iff";"os waldof the ice floes"
"1";"OutRun";"C:\Work\First Realize\amiga-whdload-game-scripts\screenshots\iGameUpdatePackTroelsDK\IFF 320x256 - Interlaced\IFF\O\OutRun\igame.iff";"out run"
"1";"OverkillAGA";"C:\Work\First Realize\amiga-whdload-game-scripts\screenshots\iGameUpdatePackTroelsDK\IFF 320x256 - Interlaced\IFF\O\OverkillAGA\igame.iff";"overkill aga"
"1";"OverTheNet";"C:\Work\First Realize\amiga-whdload-game-scripts\screenshots\iGameUpdatePackTroelsDK\IFF 320x256 - Interlaced\IFF\O\OverTheNet\igame.iff";"over the net"
"1";"PacificIslands";"C:\Work\First Realize\amiga-whdload-game-scripts\screenshots\iGameUpdatePackTroelsDK\IFF 320x256 - Interlaced\IFF\P\PacificIslands\igame.iff";"pacific islands"
"1";"Pang";"C:\Work\First Realize\amiga-whdload-game-scripts\screenshots\iGameUpdatePackTroelsDK\IFF 320x256 - Interlaced\IFF\P\Pang\igame.iff";"pang"
"1";"Pango";"C:\Work\First Realize\amiga-whdload-game-scripts\screenshots\iGameUpdatePackTroelsDK\IFF 320x256 - Interlaced\IFF\P\Pango\igame.iff";"pango"
"1";"Pegasus";"C:\Work\First Realize\amiga-whdload-game-scripts\screenshots\iGameUpdatePackTroelsDK\IFF 320x256 - Interlaced\IFF\P\Pegasus\igame.iff";"pegasus"
"1";"Perihelion";"C:\Work\First Realize\amiga-whdload-game-scripts\screenshots\iGameUpdatePackTroelsDK\IFF 320x256 - Interlaced\IFF\P\Perihelion\igame.iff";"perihelion"
"1";"PersianGulfInferno";"C:\Work\First Realize\amiga-whdload-game-scripts\screenshots\iGameUpdatePackTroelsDK\IFF 320x256 - Interlaced\IFF\P\PersianGulfInferno\igame.iff";"persian gulf inferno"
"1";"PhotonStorm";"C:\Work\First Realize\amiga-whdload-game-scripts\screenshots\iGameUpdatePackTroelsDK\IFF 320x256 - Interlaced\IFF\P\PhotonStorm\igame.iff";"photon storm"
"1";"PinballDreams";"C:\Work\First Realize\amiga-whdload-game-scripts\screenshots\iGameUpdatePackTroelsDK\IFF 320x256 - Interlaced\IFF\P\PinballDreams\igame.iff";"pinball dreams"
"1";"PinballFantasies";"C:\Work\First Realize\amiga-whdload-game-scripts\screenshots\iGameUpdatePackTroelsDK\IFF 320x256 - Interlaced\IFF\P\PinballFantasies\igame.iff";"pinball fantasies"
"1";"PinballFantasiesAGA";"C:\Work\First Realize\amiga-whdload-game-scripts\screenshots\iGameUpdatePackTroelsDK\IFF 320x256 - Interlaced\IFF\P\PinballFantasiesAGA\igame.iff";"pinball fantasies aga"
"1";"PinballFantasiesAGAChip";"C:\Work\First Realize\amiga-whdload-game-scripts\screenshots\iGameUpdatePackTroelsDK\IFF 320x256 - Interlaced\IFF\P\PinballFantasiesAGAChip\igame.iff";"pinball fantasies agachip"
"1";"PinballFntsies";"C:\Work\First Realize\amiga-whdload-game-scripts\screenshots\iGameUpdatePackTroelsDK\IFF 320x256 - Interlaced\IFF\P\PinballFntsies\igame.iff";"pinball fntsies"
"1";"PinballFntsiesAGA";"C:\Work\First Realize\amiga-whdload-game-scripts\screenshots\iGameUpdatePackTroelsDK\IFF 320x256 - Interlaced\IFF\P\PinballFntsiesAGA\igame.iff";"pinball fntsies aga"
"1";"PinballFntsiesAGAChip";"C:\Work\First Realize\amiga-whdload-game-scripts\screenshots\iGameUpdatePackTroelsDK\IFF 320x256 - Interlaced\IFF\P\PinballFntsiesAGAChip\igame.iff";"pinball fntsies agachip"
"1";"PinballFntsiesAGANTSC";"C:\Work\First Realize\amiga-whdload-game-scripts\screenshots\iGameUpdatePackTroelsDK\IFF 320x256 - Interlaced\IFF\P\PinballFntsiesAGANTSC\igame.iff";"pinball fntsies agantsc"
"1";"PinballFntsiesAGANTSCChip";"C:\Work\First Realize\amiga-whdload-game-scripts\screenshots\iGameUpdatePackTroelsDK\IFF 320x256 - Interlaced\IFF\P\PinballFntsiesAGANTSCChip\igame.iff";"pinball fntsies agantscchip"
"1";"PinballIllusionsAGA";"C:\Work\First Realize\amiga-whdload-game-scripts\screenshots\iGameUpdatePackTroelsDK\IFF 320x256 - Interlaced\IFF\P\PinballIllusionsAGA\igame.iff";"pinball illusions aga"
"1";"PinballMania";"C:\Work\First Realize\amiga-whdload-game-scripts\screenshots\iGameUpdatePackTroelsDK\IFF 320x256 - Interlaced\IFF\P\PinballMania\igame.iff";"pinball mania"
"1";"Pinkie";"C:\Work\First Realize\amiga-whdload-game-scripts\screenshots\iGameUpdatePackTroelsDK\IFF 320x256 - Interlaced\IFF\P\Pinkie\igame.iff";"pinkie"
"1";"PipeDream";"C:\Work\First Realize\amiga-whdload-game-scripts\screenshots\iGameUpdatePackTroelsDK\IFF 320x256 - Interlaced\IFF\P\PipeDream\igame.iff";"pipe dream"
"1";"PipeMania";"C:\Work\First Realize\amiga-whdload-game-scripts\screenshots\iGameUpdatePackTroelsDK\IFF 320x256 - Interlaced\IFF\P\PipeMania\igame.iff";"pipe mania"
"1";"Pirates";"C:\Work\First Realize\amiga-whdload-game-scripts\screenshots\iGameUpdatePackTroelsDK\IFF 320x256 - Interlaced\IFF\P\Pirates\igame.iff";"pirates"
"1";"PixieAndDixie";"C:\Work\First Realize\amiga-whdload-game-scripts\screenshots\iGameUpdatePackTroelsDK\IFF 320x256 - Interlaced\IFF\P\PixieAndDixie\igame.iff";"pixie and dixie"
"1";"Platman";"C:\Work\First Realize\amiga-whdload-game-scripts\screenshots\iGameUpdatePackTroelsDK\IFF 320x256 - Interlaced\IFF\P\Platman\igame.iff";"platman"
"1";"PlayerManager";"C:\Work\First Realize\amiga-whdload-game-scripts\screenshots\iGameUpdatePackTroelsDK\IFF 320x256 - Interlaced\IFF\P\PlayerManager\igame.iff";"player manager"
"1";"PlayerManager2";"C:\Work\First Realize\amiga-whdload-game-scripts\screenshots\iGameUpdatePackTroelsDK\IFF 320x256 - Interlaced\IFF\P\PlayerManager2\igame.iff";"player manager 2"
"1";"Plotting";"C:\Work\First Realize\amiga-whdload-game-scripts\screenshots\iGameUpdatePackTroelsDK\IFF 320x256 - Interlaced\IFF\P\Plotting\igame.iff";"plotting"
"1";"Pod";"C:\Work\First Realize\amiga-whdload-game-scripts\screenshots\iGameUpdatePackTroelsDK\IFF 320x256 - Interlaced\IFF\P\Pod\igame.iff";"pod"
"1";"PoliceQuest2";"C:\Work\First Realize\amiga-whdload-game-scripts\screenshots\iGameUpdatePackTroelsDK\IFF 320x256 - Interlaced\IFF\P\PoliceQuest2\igame.iff";"police quest 2"
"1";"PoliceQuest3";"C:\Work\First Realize\amiga-whdload-game-scripts\screenshots\iGameUpdatePackTroelsDK\IFF 320x256 - Interlaced\IFF\P\PoliceQuest3\igame.iff";"police quest 3"
"1";"Pong";"C:\Work\First Realize\amiga-whdload-game-scripts\screenshots\iGameUpdatePackTroelsDK\IFF 320x256 - Interlaced\IFF\P\Pong\igame.iff";"pong"
"1";"PoolsOfDarkness";"C:\Work\First Realize\amiga-whdload-game-scripts\screenshots\iGameUpdatePackTroelsDK\IFF 320x256 - Interlaced\IFF\P\PoolsOfDarkness\igame.iff";"pools of darkness"
"1";"Populous&DataDisks";"C:\Work\First Realize\amiga-whdload-game-scripts\screenshots\iGameUpdatePackTroelsDK\IFF 320x256 - Interlaced\IFF\P\Populous&DataDisks\igame.iff";"populous data disks"
"1";"Populous2&ChallengeGames";"C:\Work\First Realize\amiga-whdload-game-scripts\screenshots\iGameUpdatePackTroelsDK\IFF 320x256 - Interlaced\IFF\P\Populous2&ChallengeGames\igame.iff";"populous 2 challenge games"
"1";"Populous2";"C:\Work\First Realize\amiga-whdload-game-scripts\screenshots\iGameUpdatePackTroelsDK\IFF 320x256 - Interlaced\IFF\P\Populous2\igame.iff";"populous 2"
"1";"Populous2ChallengeGames";"C:\Work\First Realize\amiga-whdload-game-scripts\screenshots\iGameUpdatePackTroelsDK\IFF 320x256 - Interlaced\IFF\P\Populous2ChallengeGames\igame.iff";"populous 2 challenge games"
"1";"PopulousWorldEditor";"C:\Work\First Realize\amiga-whdload-game-scripts\screenshots\iGameUpdatePackTroelsDK\IFF 320x256 - Interlaced\IFF\P\PopulousWorldEditor\igame.iff";"populous world editor"
"1";"portal";"C:\Work\First Realize\amiga-whdload-game-scripts\screenshots\iGameUpdatePackTroelsDK\IFF 320x256 - Interlaced\IFF\P\portal\igame.iff";"portal"
"1";"PortsOfCall";"C:\Work\First Realize\amiga-whdload-game-scripts\screenshots\iGameUpdatePackTroelsDK\IFF 320x256 - Interlaced\IFF\P\PortsOfCall\igame.iff";"ports of call"
"1";"PowerMongerWW2";"C:\Work\First Realize\amiga-whdload-game-scripts\screenshots\iGameUpdatePackTroelsDK\IFF 320x256 - Interlaced\IFF\P\PowerMongerWW2\igame.iff";"power monger ww 2"
"1";"PowerplayFr";"C:\Work\First Realize\amiga-whdload-game-scripts\screenshots\iGameUpdatePackTroelsDK\IFF 320x256 - Interlaced\IFF\P\PowerplayFr\igame.iff";"powerplay fr"
"1";"Predator2";"C:\Work\First Realize\amiga-whdload-game-scripts\screenshots\iGameUpdatePackTroelsDK\IFF 320x256 - Interlaced\IFF\P\Predator2\igame.iff";"predator 2"
"1";"PrehistoricTale";"C:\Work\First Realize\amiga-whdload-game-scripts\screenshots\iGameUpdatePackTroelsDK\IFF 320x256 - Interlaced\IFF\P\PrehistoricTale\igame.iff";"prehistoric tale"
"1";"PremierManager";"C:\Work\First Realize\amiga-whdload-game-scripts\screenshots\iGameUpdatePackTroelsDK\IFF 320x256 - Interlaced\IFF\P\PremierManager\igame.iff";"premier manager"
"1";"PremierManager2";"C:\Work\First Realize\amiga-whdload-game-scripts\screenshots\iGameUpdatePackTroelsDK\IFF 320x256 - Interlaced\IFF\P\PremierManager2\igame.iff";"premier manager 2"
"1";"PremierManager3";"C:\Work\First Realize\amiga-whdload-game-scripts\screenshots\iGameUpdatePackTroelsDK\IFF 320x256 - Interlaced\IFF\P\PremierManager3\igame.iff";"premier manager 3"
"1";"PremierManager3AGA";"C:\Work\First Realize\amiga-whdload-game-scripts\screenshots\iGameUpdatePackTroelsDK\IFF 320x256 - Interlaced\IFF\P\PremierManager3AGA\igame.iff";"premier manager 3 aga"
"1";"PremierManager3Deluxe";"C:\Work\First Realize\amiga-whdload-game-scripts\screenshots\iGameUpdatePackTroelsDK\IFF 320x256 - Interlaced\IFF\P\PremierManager3Deluxe\igame.iff";"premier manager 3d eluxe"
"1";"PrimalRageAGA";"C:\Work\First Realize\amiga-whdload-game-scripts\screenshots\iGameUpdatePackTroelsDK\IFF 320x256 - Interlaced\IFF\P\PrimalRageAGA\igame.iff";"primal rage aga"
"1";"Prince";"C:\Work\First Realize\amiga-whdload-game-scripts\screenshots\iGameUpdatePackTroelsDK\IFF 320x256 - Interlaced\IFF\P\Prince\igame.iff";"prince"
"1";"ProBoxingSimulator";"C:\Work\First Realize\amiga-whdload-game-scripts\screenshots\iGameUpdatePackTroelsDK\IFF 320x256 - Interlaced\IFF\P\ProBoxingSimulator\igame.iff";"pro boxing simulator"
"1";"Prophecy1VikingChild";"C:\Work\First Realize\amiga-whdload-game-scripts\screenshots\iGameUpdatePackTroelsDK\IFF 320x256 - Interlaced\IFF\P\Prophecy1VikingChild\igame.iff";"prophecy 1 viking child"
"1";"Pucman";"C:\Work\First Realize\amiga-whdload-game-scripts\screenshots\iGameUpdatePackTroelsDK\IFF 320x256 - Interlaced\IFF\P\Pucman\igame.iff";"pucman"
"1";"Puggsy";"C:\Work\First Realize\amiga-whdload-game-scripts\screenshots\iGameUpdatePackTroelsDK\IFF 320x256 - Interlaced\IFF\P\Puggsy\igame.iff";"puggsy"
"1";"PuttySquad";"C:\Work\First Realize\amiga-whdload-game-scripts\screenshots\iGameUpdatePackTroelsDK\IFF 320x256 - Interlaced\IFF\P\PuttySquad\igame.iff";"putty squad"
"1";"PuttySquadAGA";"C:\Work\First Realize\amiga-whdload-game-scripts\screenshots\iGameUpdatePackTroelsDK\IFF 320x256 - Interlaced\IFF\P\PuttySquadAGA\igame.iff";"putty squad aga"
"1";"PuttySquadDEMO";"C:\Work\First Realize\amiga-whdload-game-scripts\screenshots\iGameUpdatePackTroelsDK\IFF 320x256 - Interlaced\IFF\P\PuttySquadDEMO\igame.iff";"putty squad demo"
"1";"PuttySquadHD";"C:\Work\First Realize\amiga-whdload-game-scripts\screenshots\iGameUpdatePackTroelsDK\IFF 320x256 - Interlaced\IFF\P\PuttySquadHD\igame.iff";"putty squad hd"
"1";"Puzznic";"C:\Work\First Realize\amiga-whdload-game-scripts\screenshots\iGameUpdatePackTroelsDK\IFF 320x256 - Interlaced\IFF\P\Puzznic\igame.iff";"puzznic"
"1";"QuikAndSilva";"C:\Work\First Realize\amiga-whdload-game-scripts\screenshots\iGameUpdatePackTroelsDK\IFF 320x256 - Interlaced\IFF\Q\QuikAndSilva\igame.iff";"quik and silva"
"1";"RackneysIsland";"C:\Work\First Realize\amiga-whdload-game-scripts\screenshots\iGameUpdatePackTroelsDK\IFF 320x256 - Interlaced\IFF\R\RackneysIsland\igame.iff";"rackneys island"
"1";"RageV1";"C:\Work\First Realize\amiga-whdload-game-scripts\screenshots\iGameUpdatePackTroelsDK\IFF 320x256 - Interlaced\IFF\R\RageV1\igame.iff";"rage v 1"
"1";"RageV2";"C:\Work\First Realize\amiga-whdload-game-scripts\screenshots\iGameUpdatePackTroelsDK\IFF 320x256 - Interlaced\IFF\R\RageV2\igame.iff";"rage v 2"
"1";"rAIDER";"C:\Work\First Realize\amiga-whdload-game-scripts\screenshots\iGameUpdatePackTroelsDK\IFF 320x256 - Interlaced\IFF\R\rAIDER\igame.iff";"r aider"
"1";"RainbowIsland";"C:\Work\First Realize\amiga-whdload-game-scripts\screenshots\iGameUpdatePackTroelsDK\IFF 320x256 - Interlaced\IFF\R\RainbowIsland\igame.iff";"rainbow island"
"1";"RallyChampionships";"C:\Work\First Realize\amiga-whdload-game-scripts\screenshots\iGameUpdatePackTroelsDK\IFF 320x256 - Interlaced\IFF\R\RallyChampionships\igame.iff";"rally championships"
"1";"RallyChampionshipsAGA";"C:\Work\First Realize\amiga-whdload-game-scripts\screenshots\iGameUpdatePackTroelsDK\IFF 320x256 - Interlaced\IFF\R\RallyChampionshipsAGA\igame.iff";"rally championships aga"
"1";"Rebellion";"C:\Work\First Realize\amiga-whdload-game-scripts\screenshots\iGameUpdatePackTroelsDK\IFF 320x256 - Interlaced\IFF\R\Rebellion\igame.iff";"rebellion"
"1";"Resolution101";"C:\Work\First Realize\amiga-whdload-game-scripts\screenshots\iGameUpdatePackTroelsDK\IFF 320x256 - Interlaced\IFF\R\Resolution101\igame.iff";"resolution 101"
"1";"ReturnToAtlantis";"C:\Work\First Realize\amiga-whdload-game-scripts\screenshots\iGameUpdatePackTroelsDK\IFF 320x256 - Interlaced\IFF\R\ReturnToAtlantis\igame.iff";"return to atlantis"
"1";"Reunion";"C:\Work\First Realize\amiga-whdload-game-scripts\screenshots\iGameUpdatePackTroelsDK\IFF 320x256 - Interlaced\IFF\R\Reunion\igame.iff";"reunion"
"1";"ReunionAGA";"C:\Work\First Realize\amiga-whdload-game-scripts\screenshots\iGameUpdatePackTroelsDK\IFF 320x256 - Interlaced\IFF\R\ReunionAGA\igame.iff";"reunion aga"
"1";"RickDangerous";"C:\Work\First Realize\amiga-whdload-game-scripts\screenshots\iGameUpdatePackTroelsDK\IFF 320x256 - Interlaced\IFF\R\RickDangerous\igame.iff";"rick dangerous"
"1";"RickDangerous2";"C:\Work\First Realize\amiga-whdload-game-scripts\screenshots\iGameUpdatePackTroelsDK\IFF 320x256 - Interlaced\IFF\R\RickDangerous2\igame.iff";"rick dangerous 2"
"1";"RickDangerous25";"C:\Work\First Realize\amiga-whdload-game-scripts\screenshots\iGameUpdatePackTroelsDK\IFF 320x256 - Interlaced\IFF\R\RickDangerous25\igame.iff";"rick dangerous 25"
"1";"Robbeary";"C:\Work\First Realize\amiga-whdload-game-scripts\screenshots\iGameUpdatePackTroelsDK\IFF 320x256 - Interlaced\IFF\R\Robbeary\igame.iff";"robbeary"
"1";"RobinsonsRequiemAGA";"C:\Work\First Realize\amiga-whdload-game-scripts\screenshots\iGameUpdatePackTroelsDK\IFF 320x256 - Interlaced\IFF\R\RobinsonsRequiemAGA\igame.iff";"robinsons requiem aga"
"1";"Robozone";"C:\Work\First Realize\amiga-whdload-game-scripts\screenshots\iGameUpdatePackTroelsDK\IFF 320x256 - Interlaced\IFF\R\Robozone\igame.iff";"robozone"
"1";"Rogue";"C:\Work\First Realize\amiga-whdload-game-scripts\screenshots\iGameUpdatePackTroelsDK\IFF 320x256 - Interlaced\IFF\R\Rogue\igame.iff";"rogue"
"1";"Rollercoaster";"C:\Work\First Realize\amiga-whdload-game-scripts\screenshots\iGameUpdatePackTroelsDK\IFF 320x256 - Interlaced\IFF\R\Rollercoaster\igame.iff";"rollercoaster"
"1";"RollerCoasterRumbler";"C:\Work\First Realize\amiga-whdload-game-scripts\screenshots\iGameUpdatePackTroelsDK\IFF 320x256 - Interlaced\IFF\R\RollerCoasterRumbler\igame.iff";"roller coaster rumbler"
"1";"RollingRonny";"C:\Work\First Realize\amiga-whdload-game-scripts\screenshots\iGameUpdatePackTroelsDK\IFF 320x256 - Interlaced\IFF\R\RollingRonny\igame.iff";"rolling ronny"
"1";"RomeAD92";"C:\Work\First Realize\amiga-whdload-game-scripts\screenshots\iGameUpdatePackTroelsDK\IFF 320x256 - Interlaced\IFF\R\RomeAD92\igame.iff";"rome ad 92"
"1";"RunTheGauntlet";"C:\Work\First Realize\amiga-whdload-game-scripts\screenshots\iGameUpdatePackTroelsDK\IFF 320x256 - Interlaced\IFF\R\RunTheGauntlet\igame.iff";"run the gauntlet"
"1";"RushHour";"C:\Work\First Realize\amiga-whdload-game-scripts\screenshots\iGameUpdatePackTroelsDK\IFF 320x256 - Interlaced\IFF\R\RushHour\igame.iff";"rush hour"
"1";"SabreTeam";"C:\Work\First Realize\amiga-whdload-game-scripts\screenshots\iGameUpdatePackTroelsDK\IFF 320x256 - Interlaced\IFF\S\SabreTeam\igame.iff";"sabre team"
"1";"SabreTeamAGA";"C:\Work\First Realize\amiga-whdload-game-scripts\screenshots\iGameUpdatePackTroelsDK\IFF 320x256 - Interlaced\IFF\S\SabreTeamAGA\igame.iff";"sabre team aga"
"1";"SafariGuns";"C:\Work\First Realize\amiga-whdload-game-scripts\screenshots\iGameUpdatePackTroelsDK\IFF 320x256 - Interlaced\IFF\S\SafariGuns\igame.iff";"safari guns"
"1";"Satan";"C:\Work\First Realize\amiga-whdload-game-scripts\screenshots\iGameUpdatePackTroelsDK\IFF 320x256 - Interlaced\IFF\S\Satan\igame.iff";"satan"
"1";"Seek&Destroy";"C:\Work\First Realize\amiga-whdload-game-scripts\screenshots\iGameUpdatePackTroelsDK\IFF 320x256 - Interlaced\IFF\S\Seek&Destroy\igame.iff";"seek destroy"
"1";"Seek&DestroyAGA";"C:\Work\First Realize\amiga-whdload-game-scripts\screenshots\iGameUpdatePackTroelsDK\IFF 320x256 - Interlaced\IFF\S\Seek&DestroyAGA\igame.iff";"seek destroy aga"
"1";"SensibleSoccer";"C:\Work\First Realize\amiga-whdload-game-scripts\screenshots\iGameUpdatePackTroelsDK\IFF 320x256 - Interlaced\IFF\S\SensibleSoccer\igame.iff";"sensible soccer"
"1";"SensibleSoccer9293";"C:\Work\First Realize\amiga-whdload-game-scripts\screenshots\iGameUpdatePackTroelsDK\IFF 320x256 - Interlaced\IFF\S\SensibleSoccer9293\igame.iff";"sensible soccer 9293"
"1";"SensibleSoccerEuro";"C:\Work\First Realize\amiga-whdload-game-scripts\screenshots\iGameUpdatePackTroelsDK\IFF 320x256 - Interlaced\IFF\S\SensibleSoccerEuro\igame.iff";"sensible soccer euro"
"1";"SensibleSoccerIntEd";"C:\Work\First Realize\amiga-whdload-game-scripts\screenshots\iGameUpdatePackTroelsDK\IFF 320x256 - Interlaced\IFF\S\SensibleSoccerIntEd\igame.iff";"sensible soccer int ed"
"1";"SensibleSoccerV1.0";"C:\Work\First Realize\amiga-whdload-game-scripts\screenshots\iGameUpdatePackTroelsDK\IFF 320x256 - Interlaced\IFF\S\SensibleSoccerV1.0\igame.iff";"sensible soccer v 10"
"1";"SensibleSoccerV1.1";"C:\Work\First Realize\amiga-whdload-game-scripts\screenshots\iGameUpdatePackTroelsDK\IFF 320x256 - Interlaced\IFF\S\SensibleSoccerV1.1\igame.iff";"sensible soccer v 11"
"1";"SensibleSoccerV1.2";"C:\Work\First Realize\amiga-whdload-game-scripts\screenshots\iGameUpdatePackTroelsDK\IFF 320x256 - Interlaced\IFF\S\SensibleSoccerV1.2\igame.iff";"sensible soccer v 12"
"1";"SensibleTrainSpotting";"C:\Work\First Realize\amiga-whdload-game-scripts\screenshots\iGameUpdatePackTroelsDK\IFF 320x256 - Interlaced\IFF\S\SensibleTrainSpotting\igame.iff";"sensible train spotting"
"1";"SensibleWorldOfSoccer";"C:\Work\First Realize\amiga-whdload-game-scripts\screenshots\iGameUpdatePackTroelsDK\IFF 320x256 - Interlaced\IFF\S\SensibleWorldOfSoccer\igame.iff";"sensible world of soccer"
"1";"SensibleWorldOfSoccer11";"C:\Work\First Realize\amiga-whdload-game-scripts\screenshots\iGameUpdatePackTroelsDK\IFF 320x256 - Interlaced\IFF\S\SensibleWorldOfSoccer11\igame.iff";"sensible world of soccer 11"
"1";"Settlers";"C:\Work\First Realize\amiga-whdload-game-scripts\screenshots\iGameUpdatePackTroelsDK\IFF 320x256 - Interlaced\IFF\S\Settlers\igame.iff";"settlers"
"1";"ShadowOfTheBeast3";"C:\Work\First Realize\amiga-whdload-game-scripts\screenshots\iGameUpdatePackTroelsDK\IFF 320x256 - Interlaced\IFF\S\ShadowOfTheBeast3\igame.iff";"shadow of the beast 3"
"1";"ShermanM4";"C:\Work\First Realize\amiga-whdload-game-scripts\screenshots\iGameUpdatePackTroelsDK\IFF 320x256 - Interlaced\IFF\S\ShermanM4\igame.iff";"sherman m 4"
"1";"ShufflepuckCafe";"C:\Work\First Realize\amiga-whdload-game-scripts\screenshots\iGameUpdatePackTroelsDK\IFF 320x256 - Interlaced\IFF\S\ShufflepuckCafe\igame.iff";"shufflepuck cafe"
"1";"SimAntHiRes";"C:\Work\First Realize\amiga-whdload-game-scripts\screenshots\iGameUpdatePackTroelsDK\IFF 320x256 - Interlaced\IFF\S\SimAntHiRes\igame.iff";"sim ant hi res"
"1";"SimAntLoRes";"C:\Work\First Realize\amiga-whdload-game-scripts\screenshots\iGameUpdatePackTroelsDK\IFF 320x256 - Interlaced\IFF\S\SimAntLoRes\igame.iff";"sim ant lo res"
"1";"SimCity";"C:\Work\First Realize\amiga-whdload-game-scripts\screenshots\iGameUpdatePackTroelsDK\IFF 320x256 - Interlaced\IFF\S\SimCity\igame.iff";"sim city"
"1";"SimCity12";"C:\Work\First Realize\amiga-whdload-game-scripts\screenshots\iGameUpdatePackTroelsDK\IFF 320x256 - Interlaced\IFF\S\SimCity12\igame.iff";"sim city 12"
"1";"SimCity512K";"C:\Work\First Realize\amiga-whdload-game-scripts\screenshots\iGameUpdatePackTroelsDK\IFF 320x256 - Interlaced\IFF\S\SimCity512K\igame.iff";"sim city 512 k"
"1";"SimEarthHiRes";"C:\Work\First Realize\amiga-whdload-game-scripts\screenshots\iGameUpdatePackTroelsDK\IFF 320x256 - Interlaced\IFF\S\SimEarthHiRes\igame.iff";"sim earth hi res"
"1";"SimEarthLoRes";"C:\Work\First Realize\amiga-whdload-game-scripts\screenshots\iGameUpdatePackTroelsDK\IFF 320x256 - Interlaced\IFF\S\SimEarthLoRes\igame.iff";"sim earth lo res"
"1";"SimLife";"C:\Work\First Realize\amiga-whdload-game-scripts\screenshots\iGameUpdatePackTroelsDK\IFF 320x256 - Interlaced\IFF\S\SimLife\igame.iff";"sim life"
"1";"SimLifeAGA";"C:\Work\First Realize\amiga-whdload-game-scripts\screenshots\iGameUpdatePackTroelsDK\IFF 320x256 - Interlaced\IFF\S\SimLifeAGA\igame.iff";"sim life aga"
"1";"Simulcra";"C:\Work\First Realize\amiga-whdload-game-scripts\screenshots\iGameUpdatePackTroelsDK\IFF 320x256 - Interlaced\IFF\S\Simulcra\igame.iff";"simulcra"
"1";"SkaermtroldenHugoDk";"C:\Work\First Realize\amiga-whdload-game-scripts\screenshots\iGameUpdatePackTroelsDK\IFF 320x256 - Interlaced\IFF\S\SkaermtroldenHugoDk\igame.iff";"skaermtrolden hugo dk"
"1";"SkateOfTheArt";"C:\Work\First Realize\amiga-whdload-game-scripts\screenshots\iGameUpdatePackTroelsDK\IFF 320x256 - Interlaced\IFF\S\SkateOfTheArt\003.png";"skate of the art"
"1";"SkateOfTheArt";"C:\Work\First Realize\amiga-whdload-game-scripts\screenshots\iGameUpdatePackTroelsDK\IFF 320x256 - Interlaced\IFF\S\SkateOfTheArt\igame.iff";"skate of the art"
"1";"SkeetShoot";"C:\Work\First Realize\amiga-whdload-game-scripts\screenshots\iGameUpdatePackTroelsDK\IFF 320x256 - Interlaced\IFF\S\SkeetShoot\igame.iff";"skeet shoot"
"1";"SkeletonKrew";"C:\Work\First Realize\amiga-whdload-game-scripts\screenshots\iGameUpdatePackTroelsDK\IFF 320x256 - Interlaced\IFF\S\SkeletonKrew\igame.iff";"skeleton krew"
"1";"SkeletonKrewAGA";"C:\Work\First Realize\amiga-whdload-game-scripts\screenshots\iGameUpdatePackTroelsDK\IFF 320x256 - Interlaced\IFF\S\SkeletonKrewAGA\igame.iff";"skeleton krew aga"
"1";"SkiOrDie";"C:\Work\First Realize\amiga-whdload-game-scripts\screenshots\iGameUpdatePackTroelsDK\IFF 320x256 - Interlaced\IFF\S\SkiOrDie\igame.iff";"ski or die"
"1";"SkyHighStuntman";"C:\Work\First Realize\amiga-whdload-game-scripts\screenshots\iGameUpdatePackTroelsDK\IFF 320x256 - Interlaced\IFF\S\SkyHighStuntman\igame.iff";"sky high stuntman"
"1";"Slackskin&Flint";"C:\Work\First Realize\amiga-whdload-game-scripts\screenshots\iGameUpdatePackTroelsDK\IFF 320x256 - Interlaced\IFF\S\Slackskin&Flint\igame.iff";"slackskin flint"
"1";"Slackskin&FlintCracked";"C:\Work\First Realize\amiga-whdload-game-scripts\screenshots\iGameUpdatePackTroelsDK\IFF 320x256 - Interlaced\IFF\S\Slackskin&FlintCracked\igame.iff";"slackskin flint cracked"
"1";"Sleepwalker";"C:\Work\First Realize\amiga-whdload-game-scripts\screenshots\iGameUpdatePackTroelsDK\IFF 320x256 - Interlaced\IFF\S\Sleepwalker\igame.iff";"sleepwalker"
"1";"SleepwalkerAGA";"C:\Work\First Realize\amiga-whdload-game-scripts\screenshots\iGameUpdatePackTroelsDK\IFF 320x256 - Interlaced\IFF\S\SleepwalkerAGA\igame.iff";"sleepwalker aga"
"1";"SlightlyMagic";"C:\Work\First Realize\amiga-whdload-game-scripts\screenshots\iGameUpdatePackTroelsDK\IFF 320x256 - Interlaced\IFF\S\SlightlyMagic\igame.iff";"slightly magic"
"1";"Slipstream";"C:\Work\First Realize\amiga-whdload-game-scripts\screenshots\iGameUpdatePackTroelsDK\IFF 320x256 - Interlaced\IFF\S\Slipstream\igame.iff";"slipstream"
"1";"SlySpySecretAgent";"C:\Work\First Realize\amiga-whdload-game-scripts\screenshots\iGameUpdatePackTroelsDK\IFF 320x256 - Interlaced\IFF\S\SlySpySecretAgent\igame.iff";"sly spy secret agent"
"1";"SmashTV";"C:\Work\First Realize\amiga-whdload-game-scripts\screenshots\iGameUpdatePackTroelsDK\IFF 320x256 - Interlaced\IFF\S\SmashTV\igame.iff";"smash tv"
"1";"Snoopy&Peanuts";"C:\Work\First Realize\amiga-whdload-game-scripts\screenshots\iGameUpdatePackTroelsDK\IFF 320x256 - Interlaced\IFF\S\Snoopy&Peanuts\igame.iff";"snoopy peanuts"
"1";"SolidGold";"C:\Work\First Realize\amiga-whdload-game-scripts\screenshots\iGameUpdatePackTroelsDK\IFF 320x256 - Interlaced\IFF\S\SolidGold\igame.iff";"solid gold"
"1";"SonShuSHI";"C:\Work\First Realize\amiga-whdload-game-scripts\screenshots\iGameUpdatePackTroelsDK\IFF 320x256 - Interlaced\IFF\S\SonShuSHI\igame.iff";"son shu shi"
"1";"Sooty&Sweep";"C:\Work\First Realize\amiga-whdload-game-scripts\screenshots\iGameUpdatePackTroelsDK\IFF 320x256 - Interlaced\IFF\S\Sooty&Sweep\igame.iff";"sooty sweep"
"1";"SpaceCrusade&VoyageBeyond";"C:\Work\First Realize\amiga-whdload-game-scripts\screenshots\iGameUpdatePackTroelsDK\IFF 320x256 - Interlaced\IFF\S\SpaceCrusade&VoyageBeyond\igame.iff";"space crusade voyage beyond"
"1";"SpaceCrusade";"C:\Work\First Realize\amiga-whdload-game-scripts\screenshots\iGameUpdatePackTroelsDK\IFF 320x256 - Interlaced\IFF\S\SpaceCrusade\igame.iff";"space crusade"
"1";"SpaceHarrier&RetrnFntZone";"C:\Work\First Realize\amiga-whdload-game-scripts\screenshots\iGameUpdatePackTroelsDK\IFF 320x256 - Interlaced\IFF\S\SpaceHarrier&RetrnFntZone\igame.iff";"space harrier retrn fnt zone"
"1";"SpaceHarrier&RFantasyZone";"C:\Work\First Realize\amiga-whdload-game-scripts\screenshots\iGameUpdatePackTroelsDK\IFF 320x256 - Interlaced\IFF\S\SpaceHarrier&RFantasyZone\igame.iff";"space harrier rfantasy zone"
"1";"SpaceHarrier";"C:\Work\First Realize\amiga-whdload-game-scripts\screenshots\iGameUpdatePackTroelsDK\IFF 320x256 - Interlaced\IFF\S\SpaceHarrier\igame.iff";"space harrier"
"1";"SpacePilot89";"C:\Work\First Realize\amiga-whdload-game-scripts\screenshots\iGameUpdatePackTroelsDK\IFF 320x256 - Interlaced\IFF\S\SpacePilot89\igame.iff";"space pilot 89"
"1";"SpaceQuest2";"C:\Work\First Realize\amiga-whdload-game-scripts\screenshots\iGameUpdatePackTroelsDK\IFF 320x256 - Interlaced\IFF\S\SpaceQuest2\igame.iff";"space quest 2"
"1";"SpaceQuest4";"C:\Work\First Realize\amiga-whdload-game-scripts\screenshots\iGameUpdatePackTroelsDK\IFF 320x256 - Interlaced\IFF\S\SpaceQuest4\igame.iff";"space quest 4"
"1";"SpaceQuestEnhanced";"C:\Work\First Realize\amiga-whdload-game-scripts\screenshots\iGameUpdatePackTroelsDK\IFF 320x256 - Interlaced\IFF\S\SpaceQuestEnhanced\igame.iff";"space quest enhanced"
"1";"SpaceRacer";"C:\Work\First Realize\amiga-whdload-game-scripts\screenshots\iGameUpdatePackTroelsDK\IFF 320x256 - Interlaced\IFF\S\SpaceRacer\igame.iff";"space racer"
"1";"Speedball2";"C:\Work\First Realize\amiga-whdload-game-scripts\screenshots\iGameUpdatePackTroelsDK\IFF 320x256 - Interlaced\IFF\S\Speedball2\igame.iff";"speedball 2"
"1";"SpeedBuggy";"C:\Work\First Realize\amiga-whdload-game-scripts\screenshots\iGameUpdatePackTroelsDK\IFF 320x256 - Interlaced\IFF\S\SpeedBuggy\igame.iff";"speed buggy"
"1";"Spherical";"C:\Work\First Realize\amiga-whdload-game-scripts\screenshots\iGameUpdatePackTroelsDK\IFF 320x256 - Interlaced\IFF\S\Spherical\igame.iff";"spherical"
"1";"SphericalWorlds";"C:\Work\First Realize\amiga-whdload-game-scripts\screenshots\iGameUpdatePackTroelsDK\IFF 320x256 - Interlaced\IFF\S\SphericalWorlds\igame.iff";"spherical worlds"
"1";"Sqrxz";"C:\Work\First Realize\amiga-whdload-game-scripts\screenshots\iGameUpdatePackTroelsDK\IFF 320x256 - Interlaced\IFF\S\Sqrxz\igame.iff";"sqrxz"
"1";"StackUP";"C:\Work\First Realize\amiga-whdload-game-scripts\screenshots\iGameUpdatePackTroelsDK\IFF 320x256 - Interlaced\IFF\S\StackUP\igame.iff";"stack up"
"1";"StarBirds";"C:\Work\First Realize\amiga-whdload-game-scripts\screenshots\iGameUpdatePackTroelsDK\IFF 320x256 - Interlaced\IFF\S\StarBirds\igame.iff";"star birds"
"1";"StarTrek25thAnnivAGA";"C:\Work\First Realize\amiga-whdload-game-scripts\screenshots\iGameUpdatePackTroelsDK\IFF 320x256 - Interlaced\IFF\S\StarTrek25thAnnivAGA\igame.iff";"star trek 25 th anniv aga"
"1";"StarushFiles";"C:\Work\First Realize\amiga-whdload-game-scripts\screenshots\iGameUpdatePackTroelsDK\IFF 320x256 - Interlaced\IFF\S\StarushFiles\igame.iff";"starush files"
"1";"StarushImage";"C:\Work\First Realize\amiga-whdload-game-scripts\screenshots\iGameUpdatePackTroelsDK\IFF 320x256 - Interlaced\IFF\S\StarushImage\igame.iff";"starush image"
"1";"SteelEmpire";"C:\Work\First Realize\amiga-whdload-game-scripts\screenshots\iGameUpdatePackTroelsDK\IFF 320x256 - Interlaced\IFF\S\SteelEmpire\igame.iff";"steel empire"
"1";"Steigar";"C:\Work\First Realize\amiga-whdload-game-scripts\screenshots\iGameUpdatePackTroelsDK\IFF 320x256 - Interlaced\IFF\S\Steigar\igame.iff";"steigar"
"1";"StirCrazyFeaturingBobo";"C:\Work\First Realize\amiga-whdload-game-scripts\screenshots\iGameUpdatePackTroelsDK\IFF 320x256 - Interlaced\IFF\S\StirCrazyFeaturingBobo\igame.iff";"stir crazy featuring bobo"
"1";"StreetRod";"C:\Work\First Realize\amiga-whdload-game-scripts\screenshots\iGameUpdatePackTroelsDK\IFF 320x256 - Interlaced\IFF\S\StreetRod\igame.iff";"street rod"
"1";"StreetRod2";"C:\Work\First Realize\amiga-whdload-game-scripts\screenshots\iGameUpdatePackTroelsDK\IFF 320x256 - Interlaced\IFF\S\StreetRod2\igame.iff";"street rod 2"
"1";"StripPoker2+&DataDisk1";"C:\Work\First Realize\amiga-whdload-game-scripts\screenshots\iGameUpdatePackTroelsDK\IFF 320x256 - Interlaced\IFF\S\StripPoker2+&DataDisk1\igame.iff";"strip poker 2 data disk 1"
"1";"StripPoker2+";"C:\Work\First Realize\amiga-whdload-game-scripts\screenshots\iGameUpdatePackTroelsDK\IFF 320x256 - Interlaced\IFF\S\StripPoker2+\igame.iff";"strip poker 2"
"1";"Stryx";"C:\Work\First Realize\amiga-whdload-game-scripts\screenshots\iGameUpdatePackTroelsDK\IFF 320x256 - Interlaced\IFF\S\Stryx\igame.iff";"stryx"
"1";"StunRunner";"C:\Work\First Realize\amiga-whdload-game-scripts\screenshots\iGameUpdatePackTroelsDK\IFF 320x256 - Interlaced\IFF\S\StunRunner\igame.iff";"stun runner"
"1";"Stunt Car Racer";"C:\Work\First Realize\amiga-whdload-game-scripts\screenshots\iGameUpdatePackTroelsDK\IFF 320x256 - Interlaced\IFF\S\Stunt Car Racer\igame.iff";"stunt car racer"
"1";"StuntCarRacerTNT";"C:\Work\First Realize\amiga-whdload-game-scripts\screenshots\iGameUpdatePackTroelsDK\IFF 320x256 - Interlaced\IFF\S\StuntCarRacerTNT\igame.iff";"stunt car racer tnt"
"1";"Subtrade";"C:\Work\First Realize\amiga-whdload-game-scripts\screenshots\iGameUpdatePackTroelsDK\IFF 320x256 - Interlaced\IFF\S\Subtrade\igame.iff";"subtrade"
"1";"SummerGames";"C:\Work\First Realize\amiga-whdload-game-scripts\screenshots\iGameUpdatePackTroelsDK\IFF 320x256 - Interlaced\IFF\S\SummerGames\igame.iff";"summer games"
"1";"SummerOlympiad";"C:\Work\First Realize\amiga-whdload-game-scripts\screenshots\iGameUpdatePackTroelsDK\IFF 320x256 - Interlaced\IFF\S\SummerOlympiad\igame.iff";"summer olympiad"
"1";"SuperFrog";"C:\Work\First Realize\amiga-whdload-game-scripts\screenshots\iGameUpdatePackTroelsDK\IFF 320x256 - Interlaced\IFF\S\SuperFrog\igame.iff";"super frog"
"1";"SuperfrogDemoAmigaAction";"C:\Work\First Realize\amiga-whdload-game-scripts\screenshots\iGameUpdatePackTroelsDK\IFF 320x256 - Interlaced\IFF\S\SuperfrogDemoAmigaAction\igame.iff";"superfrog demo amiga action"
"1";"SuperfrogDemoCUAmiga";"C:\Work\First Realize\amiga-whdload-game-scripts\screenshots\iGameUpdatePackTroelsDK\IFF 320x256 - Interlaced\IFF\S\SuperfrogDemoCUAmiga\igame.iff";"superfrog demo cuamiga"
"1";"SuperfrogDemoTheOne";"C:\Work\First Realize\amiga-whdload-game-scripts\screenshots\iGameUpdatePackTroelsDK\IFF 320x256 - Interlaced\IFF\S\SuperfrogDemoTheOne\igame.iff";"superfrog demo the one"
"1";"SuperGridRunner";"C:\Work\First Realize\amiga-whdload-game-scripts\screenshots\iGameUpdatePackTroelsDK\IFF 320x256 - Interlaced\IFF\S\SuperGridRunner\igame.iff";"super grid runner"
"1";"SuperGridRunnerCracked";"C:\Work\First Realize\amiga-whdload-game-scripts\screenshots\iGameUpdatePackTroelsDK\IFF 320x256 - Interlaced\IFF\S\SuperGridRunnerCracked\igame.iff";"super grid runner cracked"
"1";"SuperObliteration";"C:\Work\First Realize\amiga-whdload-game-scripts\screenshots\iGameUpdatePackTroelsDK\IFF 320x256 - Interlaced\IFF\S\SuperObliteration\igame.iff";"super obliteration"
"1";"SuperOffRoad";"C:\Work\First Realize\amiga-whdload-game-scripts\screenshots\iGameUpdatePackTroelsDK\IFF 320x256 - Interlaced\IFF\S\SuperOffRoad\igame.iff";"super off road"
"1";"SuperSkweek";"C:\Work\First Realize\amiga-whdload-game-scripts\screenshots\iGameUpdatePackTroelsDK\IFF 320x256 - Interlaced\IFF\S\SuperSkweek\igame.iff";"super skweek"
"1";"SuperStreetFighter2";"C:\Work\First Realize\amiga-whdload-game-scripts\screenshots\iGameUpdatePackTroelsDK\IFF 320x256 - Interlaced\IFF\S\SuperStreetFighter2\igame.iff";"super street fighter 2"
"1";"SuperStreetFighter2AGA";"C:\Work\First Realize\amiga-whdload-game-scripts\screenshots\iGameUpdatePackTroelsDK\IFF 320x256 - Interlaced\IFF\S\SuperStreetFighter2AGA\igame.iff";"super street fighter 2 aga"
"1";"SuperStreetFighter2DXAGA";"C:\Work\First Realize\amiga-whdload-game-scripts\screenshots\iGameUpdatePackTroelsDK\IFF 320x256 - Interlaced\IFF\S\SuperStreetFighter2DXAGA\igame.iff";"super street fighter 2dxaga"
"1";"SuperTennisChamps";"C:\Work\First Realize\amiga-whdload-game-scripts\screenshots\iGameUpdatePackTroelsDK\IFF 320x256 - Interlaced\IFF\S\SuperTennisChamps\igame.iff";"super tennis champs"
"1";"SuperTwintris";"C:\Work\First Realize\amiga-whdload-game-scripts\screenshots\iGameUpdatePackTroelsDK\IFF 320x256 - Interlaced\IFF\S\SuperTwintris\igame.iff";"super twintris"
"1";"SuprStrtFtr2TrboAGA";"C:\Work\First Realize\amiga-whdload-game-scripts\screenshots\iGameUpdatePackTroelsDK\IFF 320x256 - Interlaced\IFF\S\SuprStrtFtr2TrboAGA\igame.iff";"supr strt ftr 2 trbo aga"
"1";"SuprTennisChmps&DataDisks";"C:\Work\First Realize\amiga-whdload-game-scripts\screenshots\iGameUpdatePackTroelsDK\IFF 320x256 - Interlaced\IFF\S\SuprTennisChmps&DataDisks\igame.iff";"supr tennis chmps data disks"
"1";"SuprTennisChmps";"C:\Work\First Realize\amiga-whdload-game-scripts\screenshots\iGameUpdatePackTroelsDK\IFF 320x256 - Interlaced\IFF\S\SuprTennisChmps\igame.iff";"supr tennis chmps"
"1";"SuspiciousCargo";"C:\Work\First Realize\amiga-whdload-game-scripts\screenshots\iGameUpdatePackTroelsDK\IFF 320x256 - Interlaced\IFF\S\SuspiciousCargo\igame.iff";"suspicious cargo"
"1";"Swooper";"C:\Work\First Realize\amiga-whdload-game-scripts\screenshots\iGameUpdatePackTroelsDK\IFF 320x256 - Interlaced\IFF\S\Swooper\igame.iff";"swooper"
"1";"SWOS9495";"C:\Work\First Realize\amiga-whdload-game-scripts\screenshots\iGameUpdatePackTroelsDK\IFF 320x256 - Interlaced\IFF\S\SWOS9495\igame.iff";"swos 9495"
"1";"SWOS9596";"C:\Work\First Realize\amiga-whdload-game-scripts\screenshots\iGameUpdatePackTroelsDK\IFF 320x256 - Interlaced\IFF\S\SWOS9596\igame.iff";"swos 9596"
"1";"SWOS9697";"C:\Work\First Realize\amiga-whdload-game-scripts\screenshots\iGameUpdatePackTroelsDK\IFF 320x256 - Interlaced\IFF\S\SWOS9697\igame.iff";"swos 9697"
"1";"Syndicate";"C:\Work\First Realize\amiga-whdload-game-scripts\screenshots\iGameUpdatePackTroelsDK\IFF 320x256 - Interlaced\IFF\S\Syndicate\igame.iff";"syndicate"
"1";"TetrisPro";"C:\Work\First Realize\amiga-whdload-game-scripts\screenshots\iGameUpdatePackTroelsDK\IFF 320x256 - Interlaced\IFF\T\TetrisPro\igame.iff";"tetris pro"
"1";"TheAdventuresOfQuik&Silva";"C:\Work\First Realize\amiga-whdload-game-scripts\screenshots\iGameUpdatePackTroelsDK\IFF 320x256 - Interlaced\IFF\T\TheAdventuresOfQuik&Silva\igame.iff";"the adventures of quik silva"
"1";"TheDarkQueenOfKrynn";"C:\Work\First Realize\amiga-whdload-game-scripts\screenshots\iGameUpdatePackTroelsDK\IFF 320x256 - Interlaced\IFF\T\TheDarkQueenOfKrynn\igame.iff";"the dark queen of krynn"
"1";"TheEnforcer";"C:\Work\First Realize\amiga-whdload-game-scripts\screenshots\iGameUpdatePackTroelsDK\IFF 320x256 - Interlaced\IFF\T\TheEnforcer\igame.iff";"the enforcer"
"1";"TheKingOfChicargo";"C:\Work\First Realize\amiga-whdload-game-scripts\screenshots\iGameUpdatePackTroelsDK\IFF 320x256 - Interlaced\IFF\T\TheKingOfChicargo\igame.iff";"the king of chicargo"
"1";"TheLostVikings";"C:\Work\First Realize\amiga-whdload-game-scripts\screenshots\iGameUpdatePackTroelsDK\IFF 320x256 - Interlaced\IFF\T\TheLostVikings\igame.iff";"the lost vikings"
"1";"ThemePark";"C:\Work\First Realize\amiga-whdload-game-scripts\screenshots\iGameUpdatePackTroelsDK\IFF 320x256 - Interlaced\IFF\T\ThemePark\igame.iff";"theme park"
"1";"TheMoochies";"C:\Work\First Realize\amiga-whdload-game-scripts\screenshots\iGameUpdatePackTroelsDK\IFF 320x256 - Interlaced\IFF\T\TheMoochies\igame.iff";"the moochies"
"1";"TheSettlers";"C:\Work\First Realize\amiga-whdload-game-scripts\screenshots\iGameUpdatePackTroelsDK\IFF 320x256 - Interlaced\IFF\T\TheSettlers\igame.iff";"the settlers"
"1";"Thexder";"C:\Work\First Realize\amiga-whdload-game-scripts\screenshots\iGameUpdatePackTroelsDK\IFF 320x256 - Interlaced\IFF\T\Thexder\igame.iff";"thexder"
"1";"ThirdCourier";"C:\Work\First Realize\amiga-whdload-game-scripts\screenshots\iGameUpdatePackTroelsDK\IFF 320x256 - Interlaced\IFF\T\ThirdCourier\igame.iff";"third courier"
"1";"ThreeStooges";"C:\Work\First Realize\amiga-whdload-game-scripts\screenshots\iGameUpdatePackTroelsDK\IFF 320x256 - Interlaced\IFF\T\ThreeStooges\igame.iff";"three stooges"
"1";"TieBreak";"C:\Work\First Realize\amiga-whdload-game-scripts\screenshots\iGameUpdatePackTroelsDK\IFF 320x256 - Interlaced\IFF\T\TieBreak\igame.iff";"tie break"
"1";"TigerRoad";"C:\Work\First Realize\amiga-whdload-game-scripts\screenshots\iGameUpdatePackTroelsDK\IFF 320x256 - Interlaced\IFF\T\TigerRoad\igame.iff";"tiger road"
"1";"TinToyAdventure";"C:\Work\First Realize\amiga-whdload-game-scripts\screenshots\iGameUpdatePackTroelsDK\IFF 320x256 - Interlaced\IFF\T\TinToyAdventure\igame.iff";"tin toy adventure"
"1";"TinToyAdventureAGA";"C:\Work\First Realize\amiga-whdload-game-scripts\screenshots\iGameUpdatePackTroelsDK\IFF 320x256 - Interlaced\IFF\T\TinToyAdventureAGA\igame.iff";"tin toy adventure aga"
"1";"TinyTroops";"C:\Work\First Realize\amiga-whdload-game-scripts\screenshots\iGameUpdatePackTroelsDK\IFF 320x256 - Interlaced\IFF\T\TinyTroops\igame.iff";"tiny troops"
"1";"TitusTheFox";"C:\Work\First Realize\amiga-whdload-game-scripts\screenshots\iGameUpdatePackTroelsDK\IFF 320x256 - Interlaced\IFF\T\TitusTheFox\igame.iff";"titus the fox"
"1";"Toki";"C:\Work\First Realize\amiga-whdload-game-scripts\screenshots\iGameUpdatePackTroelsDK\IFF 320x256 - Interlaced\IFF\T\Toki\igame.iff";"toki"
"1";"Tracker";"C:\Work\First Realize\amiga-whdload-game-scripts\screenshots\iGameUpdatePackTroelsDK\IFF 320x256 - Interlaced\IFF\T\Tracker\igame.iff";"tracker"
"1";"Traders";"C:\Work\First Realize\amiga-whdload-game-scripts\screenshots\iGameUpdatePackTroelsDK\IFF 320x256 - Interlaced\IFF\T\Traders\igame.iff";"traders"
"1";"Transplant";"C:\Work\First Realize\amiga-whdload-game-scripts\screenshots\iGameUpdatePackTroelsDK\IFF 320x256 - Interlaced\IFF\T\Transplant\igame.iff";"transplant"
"1";"TreasuresOfSavageFrontier";"C:\Work\First Realize\amiga-whdload-game-scripts\screenshots\iGameUpdatePackTroelsDK\IFF 320x256 - Interlaced\IFF\T\TreasuresOfSavageFrontier\igame.iff";"treasures of savage frontier"
"1";"TrivialPursuit";"C:\Work\First Realize\amiga-whdload-game-scripts\screenshots\iGameUpdatePackTroelsDK\IFF 320x256 - Interlaced\IFF\T\TrivialPursuit\igame.iff";"trivial pursuit"
"1";"Troddlers";"C:\Work\First Realize\amiga-whdload-game-scripts\screenshots\iGameUpdatePackTroelsDK\IFF 320x256 - Interlaced\IFF\T\Troddlers\igame.iff";"troddlers"
"1";"Trog";"C:\Work\First Realize\amiga-whdload-game-scripts\screenshots\iGameUpdatePackTroelsDK\IFF 320x256 - Interlaced\IFF\T\Trog\igame.iff";"trog"
"1";"TubularWorldsAGA";"C:\Work\First Realize\amiga-whdload-game-scripts\screenshots\iGameUpdatePackTroelsDK\IFF 320x256 - Interlaced\IFF\T\TubularWorldsAGA\igame.iff";"tubular worlds aga"
"1";"TubularWorldsECS";"C:\Work\First Realize\amiga-whdload-game-scripts\screenshots\iGameUpdatePackTroelsDK\IFF 320x256 - Interlaced\IFF\T\TubularWorldsECS\igame.iff";"tubular worlds ecs"
"1";"Tusker";"C:\Work\First Realize\amiga-whdload-game-scripts\screenshots\iGameUpdatePackTroelsDK\IFF 320x256 - Interlaced\IFF\T\Tusker\igame.iff";"tusker"
"1";"TVSportsBasketball";"C:\Work\First Realize\amiga-whdload-game-scripts\screenshots\iGameUpdatePackTroelsDK\IFF 320x256 - Interlaced\IFF\T\TVSportsBasketball\igame.iff";"tvsports basketball"
"1";"TVSportsFootball";"C:\Work\First Realize\amiga-whdload-game-scripts\screenshots\iGameUpdatePackTroelsDK\IFF 320x256 - Interlaced\IFF\T\TVSportsFootball\igame.iff";"tvsports football"
"1";"TwinTurbos";"C:\Work\First Realize\amiga-whdload-game-scripts\screenshots\iGameUpdatePackTroelsDK\IFF 320x256 - Interlaced\IFF\T\TwinTurbos\igame.iff";"twin turbos"
"1";"UniversalMilitarySim";"C:\Work\First Realize\amiga-whdload-game-scripts\screenshots\iGameUpdatePackTroelsDK\IFF 320x256 - Interlaced\IFF\U\UniversalMilitarySim\igame.iff";"universal military sim"
"1";"Universe";"C:\Work\First Realize\amiga-whdload-game-scripts\screenshots\iGameUpdatePackTroelsDK\IFF 320x256 - Interlaced\IFF\U\Universe\igame.iff";"universe"
"1";"Vectorball";"C:\Work\First Realize\amiga-whdload-game-scripts\screenshots\iGameUpdatePackTroelsDK\IFF 320x256 - Interlaced\IFF\V\Vectorball\igame.iff";"vectorball"
"1";"VenomWing";"C:\Work\First Realize\amiga-whdload-game-scripts\screenshots\iGameUpdatePackTroelsDK\IFF 320x256 - Interlaced\IFF\V\VenomWing\igame.iff";"venom wing"
"1";"VirocopAGA";"C:\Work\First Realize\amiga-whdload-game-scripts\screenshots\iGameUpdatePackTroelsDK\IFF 320x256 - Interlaced\IFF\V\VirocopAGA\igame.iff";"virocop aga"
"1";"VitalLight";"C:\Work\First Realize\amiga-whdload-game-scripts\screenshots\iGameUpdatePackTroelsDK\IFF 320x256 - Interlaced\IFF\V\VitalLight\igame.iff";"vital light"
"1";"Viz";"C:\Work\First Realize\amiga-whdload-game-scripts\screenshots\iGameUpdatePackTroelsDK\IFF 320x256 - Interlaced\IFF\V\Viz\igame.iff";"viz"
"1";"Volfied";"C:\Work\First Realize\amiga-whdload-game-scripts\screenshots\iGameUpdatePackTroelsDK\IFF 320x256 - Interlaced\IFF\V\Volfied\igame.iff";"volfied"
"1";"VoyagesOfDiscovery";"C:\Work\First Realize\amiga-whdload-game-scripts\screenshots\iGameUpdatePackTroelsDK\IFF 320x256 - Interlaced\IFF\V\VoyagesOfDiscovery\igame.iff";"voyages of discovery"
"1";"Vroom&DataDisk";"C:\Work\First Realize\amiga-whdload-game-scripts\screenshots\iGameUpdatePackTroelsDK\IFF 320x256 - Interlaced\IFF\V\Vroom&DataDisk\igame.iff";"vroom data disk"
"1";"VroomMultiPlayer";"C:\Work\First Realize\amiga-whdload-game-scripts\screenshots\iGameUpdatePackTroelsDK\IFF 320x256 - Interlaced\IFF\V\VroomMultiPlayer\igame.iff";"vroom multi player"
"1";"Vyper";"C:\Work\First Realize\amiga-whdload-game-scripts\screenshots\iGameUpdatePackTroelsDK\IFF 320x256 - Interlaced\IFF\V\Vyper\igame.iff";"vyper"
"1";"WackyRaces";"C:\Work\First Realize\amiga-whdload-game-scripts\screenshots\iGameUpdatePackTroelsDK\IFF 320x256 - Interlaced\IFF\W\WackyRaces\igame.iff";"wacky races"
"1";"WacusTheDetectivePl";"C:\Work\First Realize\amiga-whdload-game-scripts\screenshots\iGameUpdatePackTroelsDK\IFF 320x256 - Interlaced\IFF\W\WacusTheDetectivePl\igame.iff";"wacus the detective pl"
"1";"WarInTheGulf";"C:\Work\First Realize\amiga-whdload-game-scripts\screenshots\iGameUpdatePackTroelsDK\IFF 320x256 - Interlaced\IFF\W\WarInTheGulf\igame.iff";"war in the gulf"
"1";"WarlocksQuest";"C:\Work\First Realize\amiga-whdload-game-scripts\screenshots\iGameUpdatePackTroelsDK\IFF 320x256 - Interlaced\IFF\W\WarlocksQuest\igame.iff";"warlocks quest"
"1";"Warlords";"C:\Work\First Realize\amiga-whdload-game-scripts\screenshots\iGameUpdatePackTroelsDK\IFF 320x256 - Interlaced\IFF\W\Warlords\igame.iff";"warlords"
"1";"WatchtowerAGA";"C:\Work\First Realize\amiga-whdload-game-scripts\screenshots\iGameUpdatePackTroelsDK\IFF 320x256 - Interlaced\IFF\W\WatchtowerAGA\igame.iff";"watchtower aga"
"1";"Waxworks";"C:\Work\First Realize\amiga-whdload-game-scripts\screenshots\iGameUpdatePackTroelsDK\IFF 320x256 - Interlaced\IFF\W\Waxworks\igame.iff";"waxworks"
"1";"WembleyIntSoccer";"C:\Work\First Realize\amiga-whdload-game-scripts\screenshots\iGameUpdatePackTroelsDK\IFF 320x256 - Interlaced\IFF\W\WembleyIntSoccer\igame.iff";"wembley int soccer"
"1";"WembleyIntSoccerAGA";"C:\Work\First Realize\amiga-whdload-game-scripts\screenshots\iGameUpdatePackTroelsDK\IFF 320x256 - Interlaced\IFF\W\WembleyIntSoccerAGA\igame.iff";"wembley int soccer aga"
"1";"WesternGames";"C:\Work\First Realize\amiga-whdload-game-scripts\screenshots\iGameUpdatePackTroelsDK\IFF 320x256 - Interlaced\IFF\W\WesternGames\igame.iff";"western games"
"1";"WheelsOnFire";"C:\Work\First Realize\amiga-whdload-game-scripts\screenshots\iGameUpdatePackTroelsDK\IFF 320x256 - Interlaced\IFF\W\WheelsOnFire\igame.iff";"wheels on fire"
"1";"WindowWizardFiles";"C:\Work\First Realize\amiga-whdload-game-scripts\screenshots\iGameUpdatePackTroelsDK\IFF 320x256 - Interlaced\IFF\W\WindowWizardFiles\igame.iff";"window wizard files"
"1";"WindowWizardImage";"C:\Work\First Realize\amiga-whdload-game-scripts\screenshots\iGameUpdatePackTroelsDK\IFF 320x256 - Interlaced\IFF\W\WindowWizardImage\igame.iff";"window wizard image"
"1";"WinterGames";"C:\Work\First Realize\amiga-whdload-game-scripts\screenshots\iGameUpdatePackTroelsDK\IFF 320x256 - Interlaced\IFF\W\WinterGames\igame.iff";"winter games"
"1";"WinterOlympiad88";"C:\Work\First Realize\amiga-whdload-game-scripts\screenshots\iGameUpdatePackTroelsDK\IFF 320x256 - Interlaced\IFF\W\WinterOlympiad88\igame.iff";"winter olympiad 88"
"1";"WizNLiz";"C:\Work\First Realize\amiga-whdload-game-scripts\screenshots\iGameUpdatePackTroelsDK\IFF 320x256 - Interlaced\IFF\W\WizNLiz\igame.iff";"wiz nliz"
"1";"WorldDarts";"C:\Work\First Realize\amiga-whdload-game-scripts\screenshots\iGameUpdatePackTroelsDK\IFF 320x256 - Interlaced\IFF\W\WorldDarts\igame.iff";"world darts"
"1";"WorldsOfLegend";"C:\Work\First Realize\amiga-whdload-game-scripts\screenshots\iGameUpdatePackTroelsDK\IFF 320x256 - Interlaced\IFF\W\WorldsOfLegend\igame.iff";"worlds of legend"
"1";"Worms1MB";"C:\Work\First Realize\amiga-whdload-game-scripts\screenshots\iGameUpdatePackTroelsDK\IFF 320x256 - Interlaced\IFF\W\Worms1MB\igame.iff";"worms 1 mb"
"1";"Worms2MB";"C:\Work\First Realize\amiga-whdload-game-scripts\screenshots\iGameUpdatePackTroelsDK\IFF 320x256 - Interlaced\IFF\W\Worms2MB\igame.iff";"worms 2 mb"
"1";"Xenon21Disk";"C:\Work\First Realize\amiga-whdload-game-scripts\screenshots\iGameUpdatePackTroelsDK\IFF 320x256 - Interlaced\IFF\X\Xenon21Disk\igame.iff";"xenon 21disk"
"1";"Xenon22Disk";"C:\Work\First Realize\amiga-whdload-game-scripts\screenshots\iGameUpdatePackTroelsDK\IFF 320x256 - Interlaced\IFF\X\Xenon22Disk\igame.iff";"xenon 22disk"
"1";"XTremeRacing&DataDisksAGA";"C:\Work\First Realize\amiga-whdload-game-scripts\screenshots\iGameUpdatePackTroelsDK\IFF 320x256 - Interlaced\IFF\X\XTremeRacing&DataDisksAGA\igame.iff";"xtreme racing data disks aga"
"1";"XTremeRacingAGA";"C:\Work\First Realize\amiga-whdload-game-scripts\screenshots\iGameUpdatePackTroelsDK\IFF 320x256 - Interlaced\IFF\X\XTremeRacingAGA\igame.iff";"xtreme racing aga"
"1";"YolandaFiles";"C:\Work\First Realize\amiga-whdload-game-scripts\screenshots\iGameUpdatePackTroelsDK\IFF 320x256 - Interlaced\IFF\Y\YolandaFiles\igame.iff";"yolanda files"
"1";"YolandaImage";"C:\Work\First Realize\amiga-whdload-game-scripts\screenshots\iGameUpdatePackTroelsDK\IFF 320x256 - Interlaced\IFF\Y\YolandaImage\igame.iff";"yolanda image"
"1";"Zarathrusta";"C:\Work\First Realize\amiga-whdload-game-scripts\screenshots\iGameUpdatePackTroelsDK\IFF 320x256 - Interlaced\IFF\Z\Zarathrusta\igame.iff";"zarathrusta"
"1";"Ziriax";"C:\Work\First Realize\amiga-whdload-game-scripts\screenshots\iGameUpdatePackTroelsDK\IFF 320x256 - Interlaced\IFF\Z\Ziriax\igame.iff";"ziriax"
"1";"ZombieApocalypse2AGA";"C:\Work\First Realize\amiga-whdload-game-scripts\screenshots\iGameUpdatePackTroelsDK\IFF 320x256 - Interlaced\IFF\Z\ZombieApocalypse2AGA\igame.iff";"zombie apocalypse 2 aga"
"1";"Zool2AGA";"C:\Work\First Realize\amiga-whdload-game-scripts\screenshots\iGameUpdatePackTroelsDK\IFF 320x256 - Interlaced\IFF\Z\Zool2AGA\igame.iff";"zool 2 aga"
"1";"ZoolAGA";"C:\Work\First Realize\amiga-whdload-game-scripts\screenshots\iGameUpdatePackTroelsDK\IFF 320x256 - Interlaced\IFF\Z\ZoolAGA\igame.iff";"zool aga"
"1";"Zoom";"C:\Work\First Realize\amiga-whdload-game-scripts\screenshots\iGameUpdatePackTroelsDK\IFF 320x256 - Interlaced\IFF\Z\Zoom\igame.iff";"zoom"
