WhdloadName;QueryPatch;;
A1200Demo;official commodore france a1200 demo digital;;
AmazingTunes;amazing tunes share and enjoy megaforce;;
Amplifier2;the amplifier 2 dimension 4;;
Animatunes;the animatunes;;
audiomega;audiomega rebels;;
AudioX;audio x the crusaders;;
Bacteria;bacteria the crusaders;;
BeatBox;beat box warfalcons;;
BigBusiness;big business defjam;;
BIGDemo;the big demo mr styckx;;
CodeKillersIntro;demo the code killers gdr;;
Complete;the complete talent;;
ContactIntro;ankara section contact intro bronx;;
CrystalSymphonies;crystal symphonies phenomena;;
DanceTrance2;dance trance ii interactive;;
DemoDiskOne;demo disk 1 apology;;
DigitalConcert2;digital concert 2 flash production;;
DoubleIntro;double intro part1 vega;;
Enigma;enigma phenomena;;
Epilepsia2;epilepsia 2 amnesia;;
Explorer;explorer delight;;
FantasticPixVol1;fantastic pix 1 venom;;
HoneyComb;honeycomb tristar red sector inc;;
How2SkinACat;how to skin a cat melon dezign;;
Kuglepoelen;kuglep len static bytes;;
MegaDemo2Bronx;megademo 2 ilemmings bronx;;
MegaDemo2NorthStar;megademo 2 northstar;;
MegaDemo2Rebels;megademo 2 rebels;;
MegaDemo2Scoopex;megademo 2 scoopex;;
MegaDemoAvenger;megademo avenger;;
MegaDemoGoldfire;megademo goldfire;;
MegaDemoKatharsis;megademo one katharsis;;
MegaDemoScoopex;megademo scoopex;;
MegaMix2;megamix 2 the pumpin track royal amiga force;;
MicroConcept;mi cro con cept the crusaders;;
MiniSoundbox2;mini soundbox ii shadow light level 4;;
MiracleSounds1;miracle sounds miracle;;
Motion;motion origin 2 bomb;;
MultiMegamix2;multi megamix 2 kefrens;;
MusicCollection;music collection katharsis;;
MusicDisk1Bass;music disk bass;;
MusicDisk1;musicdisk 1 royal amiga force;;
MusicDisk1FantasyForce;music disk 1 the fantasy force;;
MusicDisk2;musicdisk 2 fantasy force;;
MusicDisk3;music disk 3 d mob;;
MusicDisk4;music disk 4 d mob;;
MusicDiskArmada&It;walkman othon musicdisk armada it;;
MusicDream2;music dream 2 phenomena;;
Musicland2;musicland 2 brainstorm;;
MusicMadness2;music madness 2 ipec elite;;
MusicMegaDemo2;music megademo 2 ghostbusters;;
MusicRip2;music rip 2 silicon league;;
Muzzax2;muzzax 2 byterapers;;
NotAgain;not again scala;;
Numeric2;numeric 2 profecy;;
OdeToRamon2;ode to ramon 2 the digital force;;
OdySounds2;odysounds 2;;
OneStone;one stone sport aid;;
Origin;origin complex;;
Prime90;megademo-mirage;;
Roots2;roots v20 sanity;;
SkarlaS;s skarla;;
Software;software world federation of mad hackers;;
SoundAtaxVol2;sound atax vol 2 magnetic fields;;
SoundDisk2;sound disk 2 mygon;;
SoundQuest2;sound quest 2 quest;;
SpacedOutVol2;spaced out vol 2 magnetic fields;;
Stag2;stag 2 the bnk team;;
Synthesis;synthesis underground;;
TaylorDayneTITMH;taylor dayne tell it to my heart algotech software;;
TechnoTrance;techno trance 1 bastards;;
TeraTunes;tera tunes the giants;;
TopKaraoke2;top karaoke vol 2;;
VectorBobDemo;vector bob demo dual crew;;
virtualworld;virtual world tomsoft;;
WickedSensation;wicked sensation tristar red sector inc;;
